collision-id,report-number,report-version,is-preliminary,ncic-code,crash-date-time,crash-time-description,beat,city-id,city-code,city-name,county-code,city-is-active,city-is-incorporated,collision-type-code,collision-type-description,collision-type-other-desc,day-of-week,dispatch-notified,has-photographs,hit-run,is-attachments-mailed,is-deleted,is-highway-related,is-tow-away,judicial-district,motor-vehicle-involved-with-code,motor-vehicle-involved-with-desc,motor-vehicle-involved-with-other-desc,number-injured,number-killed,lighting-code,lighting-description,latitude,longitude,milepost-direction,milepost-distance,milepost-marker,milepost-unit-of-measure,pedestrian-action-code,pedestrian-action-desc,prepared-date,primary-collision-factor-code,primary-collision-factor-description,primary-collision-factor-is-cited,primary-collision-party-number,primary-road,reporting-district,reporting-district-code,reviewed-date,roadway-surface-code,secondary-direction,secondary-distance,secondary-road,secondary-unit-of-measure,sketch-desc,traffic-control-device-code,created-date,modified-date,is-county-road,is-freeway,chp-555-version,is-additonal-object-struck,notification-date,notification-time-description,has-digital-media-files,evidence-number,is-location-refer-to-narrative,is-aoi-one-same-as-location
4552457,9370-2025-00244,1,False,9370,1/23/2025 6:35:00 PM,1835,176,14,109,Oakland,1,True,True,B,SIDE SWIPE,,Thursday,NotApplicable,False,,,False,True,False,ALAMEDA SUPERIOR COURT WILEY W. MANUEL COURTHOUSE,C,OTHER MOTOR VEHICLE,,0,0,C,DARK-STREET LIGHTS,37.774522,-122.232457,,,,,A,NO PEDESTRIANS INVOLVED,1/23/2025 6:35:00 PM,A,VC 21658(A),False,1,I-880 S/B,,,1/28/2025 10:20:35 AM,A,S,350.0,29TH AVE,F,,D,1/28/2025 10:20:40 AM,1/28/2025 10:20:40 AM,False,True,4,,1/23/2025 6:45:00 PM,1845,False,,,True
4552163,9370-2025-00239,1,False,9370,1/23/2025 4:05:00 AM,405,176,14,109,Oakland,1,True,True,C,REAR END,,Thursday,NotApplicable,False,M,,False,True,False,ALAMEDA SUPERIOR COURT WILEY W. MANUEL COURTHOUSE,C,OTHER MOTOR VEHICLE,,0,0,B,DUSK-DAWN,37.770303,-122.221284,,,,,A,NO PEDESTRIANS INVOLVED,1/23/2025 4:05:00 AM,A,VC 22350,False,1,I-880 N/B FROM SR-77,,,1/28/2025 8:40:40 AM,A,N,200.0,SR-77 S/B,F,,D,1/28/2025 8:40:42 AM,1/28/2025 8:40:42 AM,False,True,4,,1/23/2025 5:00:00 AM,0500,False,,,True
4551593,9370-2025-00228,1,False,9370,1/22/2025 2:10:00 PM,1410,025,14,109,Oakland,1,True,True,C,REAR END,,Wednesday,NotApplicable,False,,,False,True,False,ALAMEDA SUPERIOR COURT WILEY W. MANUEL COURTHOUSE,C,OTHER MOTOR VEHICLE,,0,0,A,DAYLIGHT,37.833573,-122.266538,,,,,A,NO PEDESTRIANS INVOLVED,1/22/2025 2:10:00 PM,A,VC 22350,False,1,SR-24 W/B,,,1/27/2025 5:30:30 PM,A,E,115.0,45TH ST,F,,D,1/27/2025 5:30:33 PM,1/27/2025 5:30:33 PM,False,True,4,,1/22/2025 2:15:00 PM,1415,False,,,True
4551480,9370-2025-00183,1,False,9370,1/18/2025 9:30:00 PM,2130,054,14,109,Oakland,1,True,True,B,SIDE SWIPE,,Saturday,NotApplicable,False,M,,False,True,False,ALAMEDA SUPERIOR COURT WILEY W. MANUEL COURTHOUSE,C,OTHER MOTOR VEHICLE,,0,0,D,DARK-NO STREET LIGHTS,37.812341,-122.250639,,,,,A,NO PEDESTRIANS INVOLVED,1/18/2025 9:30:00 PM,A,VC 21658(A),False,1,I-580 E/B,,,1/27/2025 3:59:43 PM,A,W,924.0,GRAND AVE,F,,D,1/27/2025 3:59:44 PM,1/27/2025 3:59:44 PM,False,True,4,,1/18/2025 9:40:00 PM,2140,False,,,True
4551440,9370-2025-00116,1,False,9370,1/13/2025 1:10:00 AM,110,178,14,109,Oakland,1,True,True,B,SIDE SWIPE,,Monday,NotApplicable,False,,,False,True,False,ALAMEDA SUPERIOR COURT WILEY W. MANUEL COURTHOUSE,I,FIXED OBJECT,CONCRETE WALL,0,0,C,DARK-STREET LIGHTS,37.828494,-122.293628,,,,,B,CROSSING IN CROSS WALK AT INTERSECTION,1/13/2025 1:10:00 AM,C,,,,I-80 W/B TO I-880 S/B,,,1/27/2025 3:22:45 PM,A,W,3555.0,POWELL STREET,F,,D,1/27/2025 3:22:47 PM,1/27/2025 3:22:47 PM,False,True,4,True,1/13/2025 1:12:00 AM,0112,False,,,True
4551372,9370-2025-00179,1,False,9370,1/17/2025 9:10:00 PM,2110,901,14,109,Oakland,1,True,True,E,HIT OBJECT,,Friday,Yes,False,,,False,False,True,ALAMEDA SUPERIOR COURT ALAMEDA,J,OTHER OBJECT,CONCRETE K-RAIL,1,0,D,DARK-NO STREET LIGHTS,37.753876,-122.210246,,,,,A,NO PEDESTRIANS INVOLVED,1/17/2025 9:10:00 PM,A,VC 22350,False,1,OAKPORT STREET (5800 BLOCK),,,1/27/2025 2:44:06 PM,A,W,362.0,ZHONE WAY,F,,D,1/27/2025 2:44:12 PM,1/27/2025 2:44:12 PM,False,False,4,,1/17/2025 9:10:00 PM,2110,False,,,True
4583879,9335-2025-00263,1,False,9335,2/2/2025 7:14:00 AM,714,082,14,109,Oakland,1,True,True,E,HIT OBJECT,,Sunday,NotApplicable,False,,,False,True,True,ALAMEDA SUPERIOR COURT WILEY W. MANUEL COURTHOUSE,I,FIXED OBJECT,CONCRETE WALL,1,0,A,DAYLIGHT,37.823232,-122.318002,,,,,A,NO PEDESTRIANS INVOLVED,2/2/2025 7:14:00 AM,A,VC 22107,True,1,I-80 E/B,,,2/19/2025 8:38:49 AM,A,W,1260.0,SAN FRANCISCO/OAKLAND BAY BRIDGE TOLL PLAZA,F,,D,2/19/2025 8:38:52 AM,2/19/2025 8:38:52 AM,False,True,4,,2/2/2025 7:15:00 AM,0715,True,EMBEDDED,,True
4583788,9370-2025-00486,1,False,9370,2/11/2025 5:35:00 AM,535,052,14,109,Oakland,1,True,True,B,SIDE SWIPE,,Tuesday,NotApplicable,False,,,False,True,False,ALAMEDA SUPERIOR COURT WILEY W. MANUEL COURTHOUSE,C,OTHER MOTOR VEHICLE,,0,0,D,DARK-NO STREET LIGHTS,37.745829,-122.149462,,,,,A,NO PEDESTRIANS INVOLVED,2/11/2025 5:35:00 AM,A,VC 21658(A),False,1,I-580 E/B,,,2/19/2025 7:52:46 AM,A,W,330.0,106TH AVE,F,,D,2/19/2025 7:52:48 AM,2/19/2025 7:52:48 AM,False,True,4,,2/11/2025 5:40:00 AM,0540,False,,,True
4583201,9370-2025-00478,1,False,9370,2/11/2025 10:50:00 AM,1050,052,14,109,Oakland,1,True,True,B,SIDE SWIPE,,Tuesday,NotApplicable,False,M,,False,True,False,ALAMEDA SUPERIOR COURT WILEY W. MANUEL COURTHOUSE,C,OTHER MOTOR VEHICLE,,0,0,A,DAYLIGHT,37.783925,-122.18335,,,,,A,NO PEDESTRIANS INVOLVED,2/11/2025 10:50:00 AM,A,VC 21658(A),False,1,I-580 EASTBOUND,,,2/18/2025 7:38:15 PM,A,W,2000.0,SEMINARY AVE,F,,D,2/18/2025 7:38:17 PM,2/18/2025 7:38:17 PM,False,True,4,,2/11/2025 11:00:00 AM,1100,False,,,True
4583167,9370-2025-00385,1,False,9370,2/4/2025 6:00:00 AM,600,052,14,109,Oakland,1,True,True,E,HIT OBJECT,,Tuesday,NotApplicable,False,,,False,True,True,ALAMEDA SUPERIOR COURT WILEY W. MANUEL COURTHOUSE,I,FIXED OBJECT,CONCRETE BARRIER WALL,0,0,D,DARK-NO STREET LIGHTS,37.784214,-122.187265,,,,,A,NO PEDESTRIANS INVOLVED,2/4/2025 6:00:00 AM,A,VC 22350,False,1,I-580 W/B,,,2/18/2025 6:37:05 PM,B,E,2622.0,HIGH ST,F,,D,2/18/2025 6:37:07 PM,2/18/2025 6:37:07 PM,False,True,4,,2/4/2025 6:15:00 AM,0615,False,,,True
4583144,9370-2025-00491,1,False,9370,2/11/2025 1:51:00 PM,1351,055,14,109,Oakland,1,True,True,C,REAR END,,Tuesday,NotApplicable,False,M,,False,True,False,ALAMEDA SUPERIOR COURT ALAMEDA,C,OTHER MOTOR VEHICLE,,2,0,A,DAYLIGHT,37.828615,-122.292992,,,,,A,NO PEDESTRIANS INVOLVED,2/11/2025 1:51:00 PM,A,VC 22350,False,1,I-580 W/B TO I-80 E/B,,,2/18/2025 5:12:29 PM,A,W,1110.0,MANDELA PKY,F,,D,2/18/2025 5:12:31 PM,2/18/2025 5:12:31 PM,False,True,4,,2/11/2025 1:51:00 PM,1351,False,,,True
4583142,9370-2025-00493,1,False,9370,2/11/2025 8:25:00 PM,2025,098,14,109,Oakland,1,True,True,B,SIDE SWIPE,,Tuesday,NotApplicable,False,M,,False,True,False,ALAMEDA SUPERIOR COURT ALAMEDA,C,OTHER MOTOR VEHICLE,,0,0,C,DARK-STREET LIGHTS,37.816854,-122.269763,,,,,A,NO PEDESTRIANS INVOLVED,2/11/2025 8:25:00 PM,A,VC 21658(A),False,1,SR-24 EB FROM 27TH STREET,,,2/18/2025 5:10:35 PM,B,E,40.0,27TH ST,F,,D,2/18/2025 5:10:38 PM,2/18/2025 5:10:38 PM,False,True,4,,2/11/2025 8:25:00 PM,2025,False,,,True
4583121,9370-2025-00503,1,False,9370,2/13/2025 1:35:00 AM,135,177,14,109,Oakland,1,True,True,H,OTHER,CONCRETE CENTER DIVIDE,Thursday,No,False,,,False,True,False,ALAMEDA SUPERIOR COURT WILEY W. MANUEL COURTHOUSE,I,FIXED OBJECT,CONCRETE CENTER DIVIDE,1,0,C,DARK-STREET LIGHTS,37.789768,-122.257545,,,,,A,NO PEDESTRIANS INVOLVED,2/13/2025 1:35:00 AM,A,VC 22350,False,1,I-880 S/B,,,2/18/2025 4:23:22 PM,B,N,715.0,5TH AVENUE,F,,D,2/18/2025 4:23:24 PM,2/18/2025 4:23:24 PM,False,True,4,,2/13/2025 1:50:00 AM,0150,False,,,True
4583120,9370-2025-00523,1,False,9370,2/13/2025 12:40:00 AM,40,055,14,109,Oakland,1,True,True,A,HEAD-ON,,Thursday,NotApplicable,False,,,False,True,False,ALAMEDA SUPERIOR COURT WILEY W. MANUEL COURTHOUSE,I,FIXED OBJECT,METAL GUARD RAIL,0,0,C,DARK-STREET LIGHTS,37.808857,-122.242495,,,,,A,NO PEDESTRIANS INVOLVED,2/13/2025 12:40:00 AM,A,VC 22350,False,1,I-580 W/B,,,2/18/2025 4:22:20 PM,B,E,1056.0,LAKESHORE AVE,F,,D,2/18/2025 4:22:22 PM,2/18/2025 4:22:22 PM,False,True,4,,2/13/2025 12:43:00 AM,0043,False,,,True
4583096,9370-2025-00489,1,False,9370,2/11/2025 6:50:00 PM,1850,176,14,109,Oakland,1,True,True,C,REAR END,,Tuesday,NotApplicable,False,,,False,True,True,ALAMEDA SUPERIOR COURT WILEY W. MANUEL COURTHOUSE,C,OTHER MOTOR VEHICLE,,0,0,C,DARK-STREET LIGHTS,37.728698,-122.186219,,,,,A,NO PEDESTRIANS INVOLVED,2/11/2025 6:50:00 PM,A,VC 22350,False,1,I-880 S/B,,,2/18/2025 3:48:45 PM,B,S,1264.0,98TH AVE,F,,D,2/18/2025 3:48:47 PM,2/18/2025 3:48:47 PM,False,True,4,,2/11/2025 6:51:00 PM,1851,False,,,True
4583068,9370-2025-00476,1,False,9370,2/11/2025 5:56:00 AM,556,052,14,109,Oakland,1,True,True,E,HIT OBJECT,,Tuesday,NotApplicable,False,,,False,True,False,ALAMEDA SUPERIOR COURT WILEY W. MANUEL COURTHOUSE,J,OTHER OBJECT,VEHICLE WHEEL & TIRE,0,0,D,DARK-NO STREET LIGHTS,37.745281,-122.149051,,,,,A,NO PEDESTRIANS INVOLVED,2/11/2025 5:56:00 AM,C,,,,I-580 E/B,,,2/18/2025 3:18:47 PM,A,W,190.0,106TH AVE,F,,D,2/18/2025 3:18:48 PM,2/18/2025 3:18:48 PM,False,True,4,,2/11/2025 6:00:00 AM,0600,False,,,True
4583066,9370-2025-00475,1,False,9370,2/11/2025 5:55:00 AM,555,052,14,109,Oakland,1,True,True,E,HIT OBJECT,,Tuesday,NotApplicable,False,,,False,True,False,ALAMEDA SUPERIOR COURT WILEY W. MANUEL COURTHOUSE,J,OTHER OBJECT,VEHICLE WHEEL & TIRE,0,0,D,DARK-NO STREET LIGHTS,37.745307,-122.149102,,,,,A,NO PEDESTRIANS INVOLVED,2/11/2025 5:55:00 AM,C,,,,I-580 E/B,,,2/18/2025 3:18:12 PM,A,W,190.0,106TH AVE,M,,D,2/18/2025 3:18:15 PM,2/18/2025 3:18:15 PM,False,True,4,,2/11/2025 6:00:00 AM,0600,False,,,True
4583047,9370-2025-00467,1,False,9370,2/10/2025 8:45:00 AM,845,054,14,109,Oakland,1,True,True,C,REAR END,,Monday,NotApplicable,False,M,,False,True,False,ALAMEDA SUPERIOR COURT WILEY W. MANUEL COURTHOUSE,C,OTHER MOTOR VEHICLE,,0,0,A,DAYLIGHT,37.820129,-122.255734,,,,,A,NO PEDESTRIANS INVOLVED,2/10/2025 8:45:00 AM,A,VC 22107,False,1,I-580 E/B,,,2/18/2025 2:59:51 PM,A,W,380.0,HARRISON ST U/C,F,,D,2/18/2025 2:59:52 PM,2/18/2025 2:59:52 PM,False,True,4,,2/10/2025 9:00:00 AM,0900,False,,,True
4583042,9370-2025-00469,1,False,9370,2/10/2025 2:10:00 PM,1410,008,14,109,Oakland,1,True,True,B,SIDE SWIPE,,Monday,NotApplicable,False,M,,False,True,False,ALAMEDA SUPERIOR COURT WILEY W. MANUEL COURTHOUSE,C,OTHER MOTOR VEHICLE,,0,0,A,DAYLIGHT,37.823,-122.318083,,,,,A,NO PEDESTRIANS INVOLVED,2/10/2025 2:10:00 PM,A,VC 21658(A),False,1,I-80 E/B,,,2/18/2025 2:55:03 PM,A,W,2500.0,WEST GRAND AVE,F,,D,2/18/2025 2:55:05 PM,2/18/2025 2:55:05 PM,False,True,4,,2/10/2025 2:15:00 PM,1415,False,,,True
4583023,9370-2025-00465,1,False,9370,2/10/2025 8:00:00 AM,800,024,14,109,Oakland,1,True,True,B,SIDE SWIPE,,Monday,NotApplicable,False,M,,False,False,False,ALAMEDA SUPERIOR COURT WILEY W. MANUEL COURTHOUSE,C,OTHER MOTOR VEHICLE,,0,0,A,DAYLIGHT,37.846804,-122.244895,,,,,A,NO PEDESTRIANS INVOLVED,2/10/2025 8:00:00 AM,A,VC 22107,False,1,KEITH AVE,,,2/18/2025 2:38:10 PM,A,W,15.0,BROADWAY,F,,A,2/18/2025 2:38:11 PM,2/18/2025 2:38:11 PM,False,False,4,,2/10/2025 8:10:00 AM,0810,False,,,True
4582974,9370-2025-00454,1,False,9370,2/9/2025 12:10:00 PM,1210,008,14,109,Oakland,1,True,True,B,SIDE SWIPE,,Sunday,NotApplicable,False,,,False,True,False,ALAMEDA SUPERIOR COURT WILEY W. MANUEL COURTHOUSE,C,OTHER MOTOR VEHICLE,,0,0,A,DAYLIGHT,37.828761,-122.293782,,,,,A,NO PEDESTRIANS INVOLVED,2/9/2025 12:10:00 PM,A,VC 22107,False,1,I-80 W/B,,,2/18/2025 2:07:47 PM,A,E,3500.0,POWELL ST,F,,D,2/18/2025 2:07:49 PM,2/18/2025 2:07:49 PM,False,True,4,,2/9/2025 12:15:00 PM,1215,False,,,True
4582690,9370-2025-00480,1,False,9370,2/9/2025 4:40:00 PM,1640,177,14,109,Oakland,1,True,True,C,REAR END,,Sunday,NotApplicable,False,,,False,True,False,ALAMEDA SUPERIOR COURT WILEY W. MANUEL COURTHOUSE,C,OTHER MOTOR VEHICLE,,0,0,A,DAYLIGHT,37.793001,-122.263031,,,,,A,NO PEDESTRIANS INVOLVED,2/9/2025 4:40:00 PM,A,VC 22350,True,1,I-880 N/B,,,2/18/2025 11:22:17 AM,D,S,1278.0,OAK ST,F,,D,2/18/2025 11:22:18 AM,2/18/2025 11:22:18 AM,False,True,4,,2/9/2025 4:41:00 PM,1641,False,,,True
4582689,9370-2025-00428,1,False,9370,2/6/2025 9:50:00 PM,2150,055,14,109,Oakland,1,True,True,E,HIT OBJECT,,Thursday,Yes,False,,,False,True,False,ALAMEDA SUPERIOR COURT WILEY W. MANUEL COURTHOUSE,I,FIXED OBJECT,CONCRETE BARRIER WALL,1,0,D,DARK-NO STREET LIGHTS,37.825452,-122.271634,,,,,A,NO PEDESTRIANS INVOLVED,2/6/2025 9:50:00 PM,A,VC 23152(a),True,1,SR-24 W/B TO I-580 W/B,,,2/18/2025 11:20:05 AM,B,E,1015.0,MARKET STREET,F,,D,2/18/2025 11:20:06 AM,2/18/2025 11:20:06 AM,False,True,4,,2/6/2025 9:54:00 PM,2154,False,,,True
4582687,9370-2025-00516,1,False,9370,2/13/2025 11:18:00 AM,1118,024,14,109,Oakland,1,True,True,B,SIDE SWIPE,,Thursday,NotApplicable,False,M,,False,True,False,ALAMEDA SUPERIOR COURT WILEY W. MANUEL COURTHOUSE,C,OTHER MOTOR VEHICLE,,0,0,A,DAYLIGHT,37.85502,-122.216009,,,,,A,NO PEDESTRIANS INVOLVED,2/13/2025 11:18:00 AM,A,VC 22350,False,1,SR-24 E/B,,,2/18/2025 11:19:14 AM,B,E,600.0,WEST BORE #1 EDGE,F,,D,2/18/2025 11:19:16 AM,2/18/2025 11:19:16 AM,False,True,4,,2/13/2025 11:25:00 AM,1125,True,EMBEDDED,False,True
4582260,9370-2025-00435,1,False,9370,2/7/2025 8:50:00 AM,850,055,14,109,Oakland,1,True,True,C,REAR END,,Friday,NotApplicable,False,,,False,True,False,ALAMEDA SUPERIOR COURT WILEY W. MANUEL COURTHOUSE,C,OTHER MOTOR VEHICLE,,1,0,A,DAYLIGHT,37.823129,-122.269044,,,,,A,NO PEDESTRIANS INVOLVED,2/7/2025 8:50:00 AM,A,VC 22350,False,1,I-580 W/B,,,2/18/2025 8:18:09 AM,A,W,200.0,34TH STREET,F,,D,2/18/2025 8:18:11 AM,2/18/2025 8:18:11 AM,False,True,4,,2/7/2025 8:55:00 AM,0855,False,,,True
4582247,25003269,1,False,0109,1/21/2025 4:31:00 PM,1631,23X,14,109,Oakland,1,True,True,C,REAR END,,Tuesday,,,M,,False,False,False,,C,OTHER MOTOR VEHICLE,,1,0,A,DAYLIGHT,,,,,,,A,NO PEDESTRIANS INVOLVED,,A,22350,,1,FOOTHILL BL,2,,,A,,,BRIDGE AV,,,D,2/18/2025 8:11:15 AM,2/18/2025 8:11:15 AM,,,2,,,,,,,
4582230,25-001973,1,False,0109,1/12/2025 6:06:00 PM,1806,26Y,14,109,Oakland,1,True,True,B,SIDE SWIPE,,Sunday,,,M,,False,False,False,,B,PEDESTRIAN,,1,0,B,DUSK-DAWN,,,,,,,B,CROSSING IN CROSS WALK AT INTERSECTION,,A,21950A,,1,DURANT AV,2,,,A,,,INTERNATIONAL BL,,,A,2/18/2025 8:06:15 AM,2/18/2025 8:06:15 AM,,,2,,,,,,,
4582214,25-002561,1,False,0109,1/16/2025 4:00:00 PM,1600,03X,14,109,Oakland,1,True,True,D,BROADSIDE,,Thursday,,,,,False,False,False,,C,OTHER MOTOR VEHICLE,,1,0,A,DAYLIGHT,,,,,,,A,NO PEDESTRIANS INVOLVED,,A,21658B,,1,11TH ST,1,,,A,W,20.0,MADISON ST,F,,A,2/18/2025 8:01:15 AM,2/18/2025 8:01:15 AM,,,2,,,,,,,
4582145,9370-2025-00406,1,False,9370,2/5/2025 7:00:00 AM,700,054,14,109,Oakland,1,True,True,C,REAR END,,Wednesday,NotApplicable,False,,,False,True,False,ALAMEDA SUPERIOR COURT WILEY W. MANUEL COURTHOUSE,C,OTHER MOTOR VEHICLE,,0,0,A,DAYLIGHT,37.810372,-122.248085,,,,,A,NO PEDESTRIANS INVOLVED,2/5/2025 7:00:00 AM,A,VC 21703,False,1,INTERSTATE 580 WESTBOUND,,,2/18/2025 7:21:23 AM,A,E,600.0,GRAND AVENUE,F,,D,2/18/2025 7:21:25 AM,2/18/2025 7:21:25 AM,False,True,4,,2/5/2025 7:04:00 AM,0704,False,,,True
4582144,9370-2025-00414,1,False,9370,2/5/2025 2:50:00 PM,1450,052,14,109,Oakland,1,True,True,C,REAR END,,Wednesday,NotApplicable,False,,,False,True,False,ALAMEDA SUPERIOR COURT WILEY W. MANUEL COURTHOUSE,C,OTHER MOTOR VEHICLE,,0,0,A,DAYLIGHT,37.755063,-122.15053,,,,,A,NO PEDESTRIANS INVOLVED,2/5/2025 2:50:00 PM,A,VC 22350,False,1,I-580 E/B TO GOLF LINKS ROAD,,,2/18/2025 7:16:31 AM,A,E,595.0,GOLF LINKS RD,F,,A,2/18/2025 7:16:36 AM,2/18/2025 7:16:36 AM,False,True,4,,2/5/2025 3:00:00 PM,1500,False,,,True
4582124,25-003421,1,False,0109,1/22/2025 5:15:00 PM,1715,31X,14,109,Oakland,1,True,True,A,HEAD-ON,,Wednesday,,,,,False,False,True,,C,OTHER MOTOR VEHICLE,,2,0,A,DAYLIGHT,,,,,,,A,NO PEDESTRIANS INVOLVED,,A,21804,,1,OAKPORT ST,2,,,A,E,440.0,ZHONE WY,F,,D,2/18/2025 7:06:14 AM,2/18/2025 7:06:14 AM,,,2,,,,,,,
4580466,9370-2025-00481,1,False,9370,2/11/2025 11:30:00 AM,1130,008,14,109,Oakland,1,True,True,C,REAR END,,Tuesday,NotApplicable,False,,,False,True,False,ALAMEDA SUPERIOR COURT WILEY W. MANUEL COURTHOUSE,C,OTHER MOTOR VEHICLE,,0,0,A,DAYLIGHT,37.833977,-122.294936,,,,,A,NO PEDESTRIANS INVOLVED,2/11/2025 11:30:00 AM,A,VC 22350,False,1,I-80 WESTBOUND,,,2/14/2025 4:32:46 PM,A,W,1500.0,POWELL STREET,F,,D,2/14/2025 4:32:49 PM,2/14/2025 4:32:49 PM,False,True,4,,2/11/2025 11:35:00 AM,1135,False,,,True
4580350,25-002224,1,False,0109,1/14/2025 12:45:00 PM,1245,02X,14,109,Oakland,1,True,True,B,SIDE SWIPE,,Tuesday,,,,,False,False,False,,E,PARKED MOTOR VEHICLE,,0,0,A,DAYLIGHT,,,,,,,A,NO PEDESTRIANS INVOLVED,,C,,,,10TH ST,1,,,A,W,50.0,LINDEN ST,F,,D,2/14/2025 2:21:05 PM,2/14/2025 2:21:05 PM,,,2,,,,,,,
4580345,25-002876,1,False,0109,1/19/2025 4:09:00 AM,409,20X,14,109,Oakland,1,True,True,A,HEAD-ON,,Sunday,,,F,,False,False,True,,I,FIXED OBJECT,,0,0,C,DARK-STREET LIGHTS,,,,,,,A,NO PEDESTRIANS INVOLVED,,A,22107,,1,29TH AV,2,,,A,,,E 10TH ST,,,A,2/14/2025 2:21:05 PM,2/14/2025 2:21:05 PM,,,2,,,,,,,
4580331,25-000354,1,False,0109,1/2/2025 8:27:00 PM,2027,10X,14,109,Oakland,1,True,True,D,BROADSIDE,,Thursday,,,,,False,False,False,,C,OTHER MOTOR VEHICLE,,0,0,C,DARK-STREET LIGHTS,,,,,,,A,NO PEDESTRIANS INVOLVED,,A,21801A,,1,BROADWAY,1,,,A,,,5TH ST,,,A,2/14/2025 2:16:05 PM,2/14/2025 2:16:05 PM,,,2,,,,,,,
4580320,25-004247,1,False,0109,1/27/2025 4:55:00 PM,1655,25X,14,109,Oakland,1,True,True,B,SIDE SWIPE,,Monday,,,,,False,False,True,,I,FIXED OBJECT,,0,0,A,DAYLIGHT,,,,,,,A,NO PEDESTRIANS INVOLVED,,A,22350,,1,NEY AV,2,,,A,E,470.0,EL MONTE AV,F,,C,2/14/2025 2:11:05 PM,2/14/2025 2:11:05 PM,,,2,,,,,,,
4580310,25-004083,1,False,0109,1/26/2025 3:00:00 PM,1500,30X,14,109,Oakland,1,True,True,C,REAR END,,Sunday,,,,,False,False,False,,C,OTHER MOTOR VEHICLE,,0,0,A,DAYLIGHT,,,,,,,A,NO PEDESTRIANS INVOLVED,,A,21802A,,1,81ST AV,2,,,A,,,OLIVE ST,,,A,2/14/2025 2:06:05 PM,2/14/2025 2:06:05 PM,,,2,,,,,,,
4580302,25-003777,1,False,0109,1/24/2025 12:00:00 PM,1200,34X,14,109,Oakland,1,True,True,D,BROADSIDE,,Friday,,,M,,False,False,True,,C,OTHER MOTOR VEHICLE,,0,0,A,DAYLIGHT,,,,,,,A,NO PEDESTRIANS INVOLVED,,A,22450A,,1,82ND AV,2,,,A,,,BIRCH ST,,,A,2/14/2025 2:01:05 PM,2/14/2025 2:01:05 PM,,,2,,,,,,,
4580294,25-003898,1,False,0109,1/25/2025 7:42:00 AM,742,19X,14,109,Oakland,1,True,True,A,HEAD-ON,,Saturday,,,M,,False,False,True,,E,PARKED MOTOR VEHICLE,,0,0,A,DAYLIGHT,,,,,,,A,NO PEDESTRIANS INVOLVED,,A,22107,,1,16TH AV,1,,,A,N,20.0,E 12TH ST,F,,D,2/14/2025 1:56:05 PM,2/14/2025 1:56:05 PM,,,2,,,,,,,