collision-id,report-number,report-version,is-preliminary,ncic-code,crash-date-time,crash-time-description,beat,city-id,city-code,city-name,county-code,city-is-active,city-is-incorporated,collision-type-code,collision-type-description,collision-type-other-desc,day-of-week,dispatch-notified,has-photographs,hit-run,is-attachments-mailed,is-deleted,is-highway-related,is-tow-away,judicial-district,motor-vehicle-involved-with-code,motor-vehicle-involved-with-desc,motor-vehicle-involved-with-other-desc,number-injured,number-killed,lighting-code,lighting-description,latitude,longitude,milepost-direction,milepost-distance,milepost-marker,milepost-unit-of-measure,pedestrian-action-code,pedestrian-action-desc,prepared-date,primary-collision-factor-code,primary-collision-factor-description,primary-collision-factor-is-cited,primary-collision-party-number,primary-road,reporting-district,reporting-district-code,reviewed-date,roadway-surface-code,secondary-direction,secondary-distance,secondary-road,secondary-unit-of-measure,sketch-desc,traffic-control-device-code,created-date,modified-date,is-county-road,is-freeway,chp-555-version,is-additonal-object-struck,notification-date,notification-time-description,has-digital-media-files,evidence-number,is-location-refer-to-narrative,is-aoi-one-same-as-location
4580233,9370-2025-00412,1,False,9370,2/5/2025 5:45:00 PM,1745,176,14,109,Oakland,1,True,True,B,SIDE SWIPE,,Wednesday,NotApplicable,False,,,False,True,False,ALAMEDA SUPERIOR COURT WILEY W. MANUEL COURTHOUSE,C,OTHER MOTOR VEHICLE,,0,0,A,DAYLIGHT,37.775566,-122.234906,,,,,A,NO PEDESTRIANS INVOLVED,2/5/2025 5:45:00 PM,B,UNSAFE MERGE,,1,I-880 S/B,,,2/14/2025 1:23:41 PM,A,N,373.0,29TH AVE,F,,D,2/14/2025 1:23:42 PM,2/14/2025 1:23:42 PM,False,True,4,,2/5/2025 5:51:00 PM,1751,False,,,True
4580182,9370-2025-00479,1,False,9370,2/9/2025 3:59:00 PM,1559,176,14,109,Oakland,1,True,True,C,REAR END,,Sunday,NotApplicable,False,,,False,True,False,ALAMEDA SUPERIOR COURT WILEY W. MANUEL COURTHOUSE,C,OTHER MOTOR VEHICLE,,0,0,A,DAYLIGHT,37.774105,-122.230236,,,,,A,NO PEDESTRIANS INVOLVED,2/9/2025 3:59:00 PM,A,VC 22350,False,1,I-880 N/B,,,2/14/2025 12:55:58 PM,A,S,942.0,29TH AVE,F,,D,2/14/2025 12:56:00 PM,2/14/2025 12:56:00 PM,False,True,4,,2/9/2025 4:00:00 PM,1600,False,,,True
4579130,9370-2025-00442,1,False,9370,2/7/2025 5:30:00 PM,1730,178,14,109,Oakland,1,True,True,D,BROADSIDE,,Friday,NotApplicable,False,,,False,True,False,ALAMEDA SUPERIOR COURT WILEY W. MANUEL COURTHOUSE,C,OTHER MOTOR VEHICLE,,1,0,A,DAYLIGHT,37.806757,-122.304268,,,,,A,NO PEDESTRIANS INVOLVED,2/7/2025 5:30:00 PM,A,VC 22107,False,1,I-880 N/B,,,2/13/2025 11:37:49 PM,A,S,348.0,7TH ST,F,,D,2/13/2025 11:37:54 PM,2/13/2025 11:37:54 PM,False,True,4,,2/7/2025 5:35:00 PM,1735,False,,,True
4579129,9370-2025-00338,1,False,9370,2/1/2025 5:30:00 AM,530,055,14,109,Oakland,1,True,True,C,REAR END,,Saturday,NotApplicable,False,,,False,True,False,ALAMEDA SUPERIOR COURT WILEY W. MANUEL COURTHOUSE,C,OTHER MOTOR VEHICLE,,1,0,C,DARK-STREET LIGHTS,37.827127,-122.29056,,,,,A,NO PEDESTRIANS INVOLVED,2/1/2025 5:30:00 AM,A,VC 22350,False,1,I-580 W/B,,,2/13/2025 11:34:12 PM,B,W,250.0,MANDELA PARKWAY,F,,D,2/13/2025 11:34:17 PM,2/13/2025 11:34:17 PM,False,True,4,,2/1/2025 5:35:00 AM,0535,False,,,True
4579094,9370-2025-00507,1,False,9370,2/12/2025 6:05:00 PM,1805,901,14,109,Oakland,1,True,True,B,SIDE SWIPE,,Wednesday,NotApplicable,False,M,,False,False,True,EAST COUNTY HALL OF JUSTICE,C,OTHER MOTOR VEHICLE,,0,0,C,DARK-STREET LIGHTS,37.735253,-122.17531,,,,,A,NO PEDESTRIANS INVOLVED,2/12/2025 6:05:00 PM,A,22017,False,1,105TH AVENUE (800 BLOCK),,,2/13/2025 8:55:17 PM,B,W,26.0,SAN LEANDRO ST,F,,A,2/13/2025 8:55:19 PM,2/13/2025 8:55:19 PM,True,False,4,,2/12/2025 6:05:00 PM,1805,False,,,True
4579092,9370-2025-00408,1,False,9370,2/5/2025 9:07:00 AM,907,177,14,109,Oakland,1,True,True,C,REAR END,,Wednesday,NotApplicable,False,M,,False,True,False,ALAMEDA SUPERIOR COURT WILEY W. MANUEL COURTHOUSE,C,OTHER MOTOR VEHICLE,,0,0,A,DAYLIGHT,37.788561,-122.251493,,,,,A,NO PEDESTRIANS INVOLVED,2/5/2025 9:07:00 AM,A,VC 22350,False,1,I-880 SOUTHBOUND,,,2/13/2025 8:35:24 PM,A,S,325.0,10TH AVENUE,F,,D,2/13/2025 8:35:29 PM,2/13/2025 8:35:29 PM,False,True,4,,2/5/2025 9:09:00 AM,0909,False,,,True
4579089,9370-2025-00387,1,False,9370,2/4/2025 11:30:00 AM,1130,024,14,109,Oakland,1,True,True,C,REAR END,,Tuesday,NotApplicable,False,,,False,True,False,ALAMEDA SUPERIOR COURT WILEY W. MANUEL COURTHOUSE,C,OTHER MOTOR VEHICLE,,2,0,A,DAYLIGHT,37.849608,-122.231933,,,,,A,NO PEDESTRIANS INVOLVED,2/4/2025 11:30:00 AM,A,VC 22350,False,1,SR-24 W/B TO SR-13 S/B,,,2/13/2025 8:20:50 PM,B,S,480.0,TUNNEL RD,F,,D,2/13/2025 8:20:52 PM,2/13/2025 8:20:52 PM,False,True,4,,2/4/2025 11:35:00 AM,1135,False,,,True
4579086,9370-2025-00394,1,False,9370,2/4/2025 6:55:00 AM,655,176,14,109,Oakland,1,True,True,E,HIT OBJECT,,Tuesday,NotApplicable,False,,,False,True,True,ALAMEDA SUPERIOR COURT WILEY W. MANUEL COURTHOUSE,I,FIXED OBJECT,CONCRETE WALL,0,0,B,DUSK-DAWN,37.753499,-122.207576,,,,,A,NO PEDESTRIANS INVOLVED,2/4/2025 6:55:00 AM,A,VC 22107,False,1,I-880 NORTHBOUND,,,2/13/2025 8:14:53 PM,B,S,175.0,66TH AVENUE,F,,D,2/13/2025 8:14:56 PM,2/13/2025 8:14:56 PM,False,True,4,,2/4/2025 6:57:00 AM,0657,True,EMBEDDED,,True
4579065,9370-2025-00505,1,False,9370,2/13/2025 6:01:00 AM,601,025,14,109,Oakland,1,True,True,E,HIT OBJECT,,Thursday,NotApplicable,False,,,False,True,True,ALAMEDA SUPERIOR COURT WILEY W. MANUEL COURTHOUSE,I,FIXED OBJECT,CONCRETE BARRIER WALL,0,0,C,DARK-STREET LIGHTS,37.8415,-122.261084,,,,,A,NO PEDESTRIANS INVOLVED,2/13/2025 6:01:00 AM,A,VC 22350,False,1,SR-24 W/B,,,2/13/2025 6:50:25 PM,B,E,162.0,TELEGRAPH AVE,F,,D,2/13/2025 6:50:27 PM,2/13/2025 6:50:27 PM,False,True,4,,2/13/2025 6:10:00 AM,0610,True,EMBEDDED,,True
4579062,9370-2025-00373,1,False,9370,2/2/2025 8:50:00 PM,2050,008,14,109,Oakland,1,True,True,E,HIT OBJECT,,Sunday,Yes,False,,,False,True,False,ALAMEDA SUPERIOR COURT WILEY W. MANUEL COURTHOUSE,I,FIXED OBJECT,CONCRETE BARRIER,0,0,D,DARK-NO STREET LIGHTS,37.823593,-122.313261,,,,,A,NO PEDESTRIANS INVOLVED,2/2/2025 8:50:00 PM,A,VC 23152(A),False,1,I-80 E/B TO I-880 S/B,,,2/13/2025 6:36:20 PM,B,W,1140.0,MARITIME STREET,F,,D,2/13/2025 6:36:21 PM,2/13/2025 6:36:21 PM,False,True,4,,2/2/2025 8:54:00 PM,2054,False,,,True
4579060,9370-2025-00411,1,False,9370,2/5/2025 6:25:00 PM,1825,008,14,109,Oakland,1,True,True,C,REAR END,,Wednesday,NotApplicable,False,,,False,True,False,ALAMEDA SUPERIOR COURT WILEY W. MANUEL COURTHOUSE,C,OTHER MOTOR VEHICLE,,0,0,C,DARK-STREET LIGHTS,37.824497,-122.310129,,,,,A,NO PEDESTRIANS INVOLVED,2/5/2025 6:25:00 PM,A,VC 22350,False,1,I-80 E/B,,,2/13/2025 6:33:00 PM,A,W,140.0,WEST GRAND AVENUE OVER-CROSSING,F,,D,2/13/2025 6:33:02 PM,2/13/2025 6:33:02 PM,False,True,4,,2/5/2025 6:30:00 PM,1830,False,,,True
4579057,9370-2025-00357,1,False,9370,2/1/2025 11:10:00 AM,1110,006,14,109,Oakland,1,True,True,B,SIDE SWIPE,,Saturday,NotApplicable,False,M,,False,True,False,ALAMEDA SUPERIOR COURT WILEY W. MANUEL COURTHOUSE,C,OTHER MOTOR VEHICLE,,1,0,A,DAYLIGHT,37.808433,-122.24147,,,,,A,NO PEDESTRIANS INVOLVED,2/1/2025 11:10:00 AM,A,VC 21658(a),False,1,I-580 W/B,,,2/13/2025 6:20:24 PM,B,E,300.0,LAKESHORE AVENUE,F,,D,2/13/2025 6:20:28 PM,2/13/2025 6:20:28 PM,False,True,4,,2/1/2025 11:15:00 AM,1115,False,,,True
4578864,9370-2025-00292,1,False,9370,1/28/2025 11:30:00 PM,2330,176,14,109,Oakland,1,True,True,B,SIDE SWIPE,,Tuesday,Yes,False,M,,False,True,True,ALAMEDA SUPERIOR COURT WILEY W. MANUEL COURTHOUSE,C,OTHER MOTOR VEHICLE,,0,0,C,DARK-STREET LIGHTS,37.774696,-122.232477,,,,,A,NO PEDESTRIANS INVOLVED,1/28/2025 11:30:00 PM,A,VC 21658(a),False,1,INTERSTATE 880 SOUTHBOUND,,,2/13/2025 2:39:32 PM,A,N,300.0,FRUITVALE AVENUE,F,,D,2/13/2025 2:39:37 PM,2/13/2025 2:39:37 PM,False,True,4,,1/28/2025 11:40:00 PM,2340,False,,,True
4578815,9370-2025-00342,1,False,9370,2/1/2025 12:45:00 PM,1245,177,14,109,Oakland,1,True,True,F,OVERTURNED,,Saturday,NotApplicable,False,,,False,True,True,ALAMEDA SUPERIOR COURT WILEY W. MANUEL COURTHOUSE,A,NON-COLLISION,,0,0,A,DAYLIGHT,37.790944,-122.260857,,,,,A,NO PEDESTRIANS INVOLVED,2/1/2025 12:45:00 PM,A,VC 22107,False,1,I-880 S/B,,,2/13/2025 2:18:36 PM,B,N,5000.0,16TH AVE,F,,D,2/13/2025 2:18:38 PM,2/13/2025 2:18:38 PM,False,True,4,,2/1/2025 12:50:00 PM,1250,False,,,True
4578761,9370-2025-00340,1,False,9370,2/1/2025 12:00:00 PM,1200,175,14,109,Oakland,1,True,True,E,HIT OBJECT,,Saturday,NotApplicable,False,,,False,True,True,ALAMEDA SUPERIOR COURT WILEY W. MANUEL COURTHOUSE,I,FIXED OBJECT,CONCRETE WALL,0,0,A,DAYLIGHT,37.770223,-122.221737,,,,,A,NO PEDESTRIANS INVOLVED,2/1/2025 12:00:00 PM,A,VC 22350,False,1,I-880 N/B,,,2/13/2025 1:56:03 PM,B,N,250.0,HIGH ST,F,,D,2/13/2025 1:56:04 PM,2/13/2025 1:56:04 PM,False,True,4,False,2/1/2025 12:05:00 PM,1205,False,,,True
4578732,9370-2025-00366,1,False,9370,2/2/2025 2:37:00 PM,1437,177,14,109,Oakland,1,True,True,A,HEAD-ON,,Sunday,Yes,False,M,,False,True,True,ALAMEDA SUPERIOR COURT WILEY W. MANUEL COURTHOUSE,C,OTHER MOTOR VEHICLE,,2,0,A,DAYLIGHT,37.774702,-122.232841,,,,,A,NO PEDESTRIANS INVOLVED,2/2/2025 2:37:00 PM,A,VC 22350,False,1,I-880 S/B,,,2/13/2025 1:46:01 PM,B,S,200.0,29TH AVENUE,F,,D,2/13/2025 1:46:03 PM,2/13/2025 1:46:03 PM,False,True,4,,2/2/2025 2:40:00 PM,1440,False,,,True
4578351,25-000213,1,False,0109,1/1/2025 6:51:00 PM,1851,21X,14,109,Oakland,1,True,True,C,REAR END,,Wednesday,,,M,,False,False,False,,E,PARKED MOTOR VEHICLE,,0,0,B,DUSK-DAWN,,,,,,,A,NO PEDESTRIANS INVOLVED,,A,22107,,1,FRUITVALE AV,2,,,A,N,30.0,BONA ST,F,,A,2/13/2025 11:00:57 AM,2/13/2025 11:00:57 AM,,,2,,,,,,,
4578086,9370-2025-00494,1,False,9370,2/11/2025 7:05:00 AM,705,178,14,109,Oakland,1,True,True,B,SIDE SWIPE,,Tuesday,NotApplicable,False,,,False,True,False,ALAMEDA SUPERIOR COURT WILEY W. MANUEL COURTHOUSE,C,OTHER MOTOR VEHICLE,,0,0,B,DUSK-DAWN,37.808812,-122.304503,,,,,A,NO PEDESTRIANS INVOLVED,2/11/2025 7:05:00 AM,A,VC 21658(a),False,1,I-880 N/B,,,2/13/2025 9:11:39 AM,A,N,300.0,7TH ST,F,,D,2/13/2025 9:11:41 AM,2/13/2025 9:11:41 AM,False,True,4,,2/11/2025 7:10:00 AM,0710,True,EMBEDDED,False,True
4578046,9370-2025-00485,1,False,9370,2/11/2025 6:19:00 AM,619,024,14,109,Oakland,1,True,True,C,REAR END,,Tuesday,NotApplicable,False,,,False,True,True,ALAMEDA SUPERIOR COURT WILEY W. MANUEL COURTHOUSE,C,OTHER MOTOR VEHICLE,,2,0,D,DARK-NO STREET LIGHTS,37.848952,-122.229706,,,,,A,NO PEDESTRIANS INVOLVED,2/11/2025 6:19:00 AM,A,VC 22350,False,1,SR-24 W/B,,,2/13/2025 9:00:47 AM,A,W,185.0,SR-13 S/B,F,,D,2/13/2025 9:00:49 AM,2/13/2025 9:00:49 AM,False,True,4,,2/11/2025 6:24:00 AM,0624,False,,False,True
4577933,9370-2025-00409,1,False,9370,2/5/2025 2:45:00 PM,1445,176,14,109,Oakland,1,True,True,B,SIDE SWIPE,,Wednesday,NotApplicable,False,M,,False,True,False,ALAMEDA SUPERIOR COURT WILEY W. MANUEL COURTHOUSE,C,OTHER MOTOR VEHICLE,,0,0,A,DAYLIGHT,37.748689,-122.203449,,,,,A,NO PEDESTRIANS INVOLVED,2/5/2025 2:45:00 PM,A,VC 21658(A),False,1,I-880 N/B,,,2/13/2025 8:28:29 AM,A,S,2332.0,66TH AVENUE,F,,D,2/13/2025 8:28:30 AM,2/13/2025 8:28:30 AM,False,True,4,,2/5/2025 2:53:00 PM,1453,False,,,True
4577726,9370-2025-00436,1,False,9370,2/7/2025 6:06:00 AM,606,008,14,109,Oakland,1,True,True,C,REAR END,,Friday,NotApplicable,False,,,False,True,True,ALAMEDA SUPERIOR COURT WILEY W. MANUEL COURTHOUSE,C,OTHER MOTOR VEHICLE,,0,0,B,DUSK-DAWN,37.825224,-122.313118,,,,,A,NO PEDESTRIANS INVOLVED,2/7/2025 6:06:00 AM,A,VC 21658(A),False,1,I-80 W/B,,,2/13/2025 6:24:04 AM,A,E,209.0,SFOBB TOLL PLAZA,F,,D,2/13/2025 6:24:05 AM,2/13/2025 6:24:05 AM,False,True,4,,2/7/2025 6:08:00 AM,0608,False,,,True
4577696,9370-2025-00361,1,False,9370,2/1/2025 6:40:00 PM,1840,052,14,109,Oakland,1,True,True,B,SIDE SWIPE,,Saturday,NotApplicable,False,,,False,True,False,ALAMEDA SUPERIOR COURT WILEY W. MANUEL COURTHOUSE,C,OTHER MOTOR VEHICLE,,0,0,C,DARK-STREET LIGHTS,37.772715,-122.157391,,,,,A,NO PEDESTRIANS INVOLVED,2/1/2025 6:40:00 PM,B,UNSAFE PASSING,,1,I-580 E/B,,,2/13/2025 5:40:16 AM,B,W,364.0,KELLER AVE,F,,D,2/13/2025 5:40:18 AM,2/13/2025 5:40:18 AM,False,True,4,,2/1/2025 6:50:00 PM,1850,False,,,True
4577683,9370-2025-00349,1,False,9370,2/1/2025 2:50:00 AM,250,177,14,109,Oakland,1,True,True,B,SIDE SWIPE,,Saturday,Yes,False,,,False,True,False,ALAMEDA SUPERIOR COURT WILEY W. MANUEL COURTHOUSE,I,FIXED OBJECT,CENTER MEDIAN WALL,0,0,C,DARK-STREET LIGHTS,37.781203,-122.238883,,,,,A,NO PEDESTRIANS INVOLVED,2/1/2025 2:50:00 AM,A,VC 23152(a),True,1,INTERSTATE 880 SOUTHBOUND,,,2/13/2025 5:13:21 AM,B,N,1353.0,23RD AVENUE,F,,D,2/13/2025 5:13:23 AM,2/13/2025 5:13:23 AM,False,True,4,,2/1/2025 2:53:00 AM,0253,False,,,True
4577327,9370-2025-00395,1,False,9370,2/4/2025 3:50:00 PM,1550,024,14,109,Oakland,1,True,True,C,REAR END,,Tuesday,Yes,False,,,False,True,True,ALAMEDA SUPERIOR COURT WILEY W. MANUEL COURTHOUSE,C,OTHER MOTOR VEHICLE,,1,0,A,DAYLIGHT,37.849597,-122.241399,,,,,A,NO PEDESTRIANS INVOLVED,2/4/2025 3:50:00 PM,A,VC 22350,False,1,SR-24 W/B,,,2/12/2025 8:38:01 PM,B,E,845.0,BROADWAY,F,,D,2/12/2025 8:38:04 PM,2/12/2025 8:38:04 PM,False,True,4,,2/4/2025 3:59:00 PM,1559,False,,,True
4577262,9370-2025-00401,1,False,9370,2/4/2025 8:40:00 PM,2040,008,14,109,Oakland,1,True,True,E,HIT OBJECT,,Tuesday,NotApplicable,False,,,False,True,True,ALAMEDA SUPERIOR COURT WILEY W. MANUEL COURTHOUSE,I,FIXED OBJECT,CONCRETE BARRIER WALL,0,0,D,DARK-NO STREET LIGHTS,37.829395,-122.2938,,,,,A,NO PEDESTRIANS INVOLVED,2/4/2025 8:40:00 PM,A,VC 22350,False,1,I-80 W/B TO I-580 E/B,,,2/12/2025 4:24:35 PM,B,W,2800.0,POWELL ST,F,,D,2/12/2025 4:24:38 PM,2/12/2025 4:24:38 PM,False,True,4,,2/4/2025 8:45:00 PM,2045,False,,,True
4577109,9370-2025-00368,1,False,9370,2/2/2025 5:35:00 PM,1735,054,14,109,Oakland,1,True,True,B,SIDE SWIPE,,Sunday,NotApplicable,False,,,False,True,True,ALAMEDA SUPERIOR COURT WILEY W. MANUEL COURTHOUSE,C,OTHER MOTOR VEHICLE,,1,0,C,DARK-STREET LIGHTS,37.823028,-122.264582,,,,,G,APPROACHING/LEAVING SCHOOL BUS,2/2/2025 5:35:00 PM,A,VC 22350,False,1,I-580 E/B TO BROADWAY,,,2/12/2025 2:14:51 PM,B,W,589.0,WEBSTER ST,F,,D,2/12/2025 2:14:56 PM,2/12/2025 2:14:56 PM,False,True,4,,2/2/2025 5:47:00 PM,1747,False,,,True
4577013,9370-2025-00403,1,False,9370,2/3/2025 6:55:00 PM,1855,176,14,109,Oakland,1,True,True,B,SIDE SWIPE,,Monday,NotApplicable,False,M,,False,True,False,ALAMEDA SUPERIOR COURT WILEY W. MANUEL COURTHOUSE,C,OTHER MOTOR VEHICLE,,2,0,C,DARK-STREET LIGHTS,37.763196,-122.216437,,,,,A,NO PEDESTRIANS INVOLVED,2/3/2025 6:55:00 PM,A,VC 22107,False,1,I-880 S/B,,,2/12/2025 1:29:12 PM,B,N,4080.0,66TH AVE,F,,D,2/12/2025 1:29:15 PM,2/12/2025 1:29:15 PM,False,True,4,,2/3/2025 7:00:00 PM,1900,False,,,True
4576887,25-002018,1,False,0109,1/13/2025 6:00:00 AM,600,26X,14,109,Oakland,1,True,True,D,BROADSIDE,,Monday,,,,,False,False,True,,C,OTHER MOTOR VEHICLE,,2,0,C,DARK-STREET LIGHTS,,,,,,,A,NO PEDESTRIANS INVOLVED,,A,21453A,,1,INTERNATIONAL BL,2,,,A,,,50TH AV,,,A,2/12/2025 12:20:52 PM,2/12/2025 12:20:52 PM,,,2,,,,,,,
4576878,25-002376,2,False,0109,1/15/2025 1:30:00 PM,1330,34X,14,109,Oakland,1,True,True,B,SIDE SWIPE,,Wednesday,,,,,False,False,False,,C,OTHER MOTOR VEHICLE,,1,0,A,DAYLIGHT,,,,,,,A,NO PEDESTRIANS INVOLVED,,A,22107,,1,83RD AV,2,,,A,N,120.0,INTERNATIONAL BL,F,,D,2/12/2025 12:15:52 PM,2/12/2025 1:15:52 PM,,,2,,,,,,,
4576869,25-002115,1,False,0109,1/13/2025 5:57:00 PM,1757,28X,14,109,Oakland,1,True,True,G,VEHICLE/PEDESTRAIN,,Monday,,,,,False,False,False,,B,PEDESTRIAN,,1,0,B,DUSK-DAWN,,,,,,,B,CROSSING IN CROSS WALK AT INTERSECTION,,A,21950A,,1,MACARTHUR BL,2,,,A,,,PIERSON ST,,,A,2/12/2025 12:10:51 PM,2/12/2025 12:10:51 PM,,,2,,,,,,,
4576822,9370-2025-00378,1,False,9370,2/3/2025 6:40:00 AM,640,008,14,109,Oakland,1,True,True,B,SIDE SWIPE,,Monday,NotApplicable,False,,,False,True,False,ALAMEDA SUPERIOR COURT WILEY W. MANUEL COURTHOUSE,C,OTHER MOTOR VEHICLE,,0,0,A,DAYLIGHT,37.825223,-122.313427,,,,,A,NO PEDESTRIANS INVOLVED,2/3/2025 6:40:00 AM,A,VC 21658(A),False,1,I-80 WESTBOUND,,,2/12/2025 11:35:34 AM,A,E,125.0,SAN FRANCISCO BAY BRIDGE TOLL PLAZA,F,,A,2/12/2025 11:35:40 AM,2/12/2025 11:35:40 AM,False,True,4,,2/3/2025 6:46:00 AM,0646,True,AREA PHOTO FILE,,True
4576814,9370-2025-00418,1,False,9370,2/5/2025 7:00:00 AM,700,024,14,109,Oakland,1,True,True,C,REAR END,,Wednesday,NotApplicable,False,,,False,True,False,ALAMEDA SUPERIOR COURT WILEY W. MANUEL COURTHOUSE,C,OTHER MOTOR VEHICLE,,0,0,A,DAYLIGHT,37.860129,-122.211294,,,,,A,NO PEDESTRIANS INVOLVED,2/5/2025 7:00:00 AM,A,VC 22350,False,1,SR-24 W/B,,,2/12/2025 11:28:17 AM,A,W,73.0,BORE #3 EAST EDGE,F,,D,2/12/2025 11:28:17 AM,2/12/2025 11:28:17 AM,False,True,4,,2/5/2025 7:05:00 AM,0705,False,,,True
4575424,9370-2025-00473,1,False,9370,2/11/2025 6:15:00 AM,615,178,14,109,Oakland,1,True,True,C,REAR END,,Tuesday,NotApplicable,False,,,False,True,False,ALAMEDA SUPERIOR COURT WILEY W. MANUEL COURTHOUSE,C,OTHER MOTOR VEHICLE,,1,0,A,DAYLIGHT,37.825454,-122.30653,,,,,A,NO PEDESTRIANS INVOLVED,2/11/2025 6:15:00 AM,A,VC 22350,False,1,I-880 NB TO I-80 WB,,,2/12/2025 8:52:49 AM,A,N,1980.0,MARITIME STREET,F,,D,2/12/2025 8:52:52 AM,2/12/2025 8:52:52 AM,False,True,4,,2/11/2025 6:20:00 AM,0620,False,,,True
4575419,25-000189,1,False,3300,2/10/2025 7:29:00 PM,1929,A9,14,109,Oakland,1,True,True,D,BROADSIDE,,Monday,Yes,True,,,False,False,False,RENE C. DAVIDSON COURTHOUSE,C,OTHER MOTOR VEHICLE,,0,0,C,DARK-STREET LIGHTS,37.73999,-122.17045,,,,,A,NO PEDESTRIANS INVOLVED,,A,Unknown,False,,10201 GRAFFIAN ST,32X,,,A,,,102ND AVE AND GRAFFIAN ST,,,A,2/12/2025 8:47:47 AM,2/12/2025 8:47:47 AM,,,4,,,,,,,
4575355,9370-2025-00431,1,False,9370,2/6/2025 9:40:00 PM,2140,052,14,109,Oakland,1,True,True,F,OVERTURNED,,Thursday,No,False,,,False,True,True,ALAMEDA SUPERIOR COURT WILEY W. MANUEL COURTHOUSE,A,NON-COLLISION,,0,0,C,DARK-STREET LIGHTS,37.763056,-122.149751,,,,,A,NO PEDESTRIANS INVOLVED,2/6/2025 9:40:00 PM,A,VC 22350,False,1,INTERSTATE 580 WESTBOUND,,,2/12/2025 8:25:48 AM,B,E,1300.0,MOUNTAIN BOULEVARD OVERCROSSING,F,,D,2/12/2025 8:25:50 AM,2/12/2025 8:25:50 AM,False,True,4,,2/6/2025 9:50:00 PM,2150,False,,,True
4575331,9370-2025-00429,1,False,9370,2/6/2025 9:15:00 PM,2115,177,14,109,Oakland,1,True,True,B,SIDE SWIPE,,Thursday,NotApplicable,False,,,False,True,True,ALAMEDA SUPERIOR COURT WILEY W. MANUEL COURTHOUSE,C,OTHER MOTOR VEHICLE,,0,0,C,DARK-STREET LIGHTS,37.797478,-122.271875,,,,,A,NO PEDESTRIANS INVOLVED,2/6/2025 9:15:00 PM,A,VC 21658(A),False,,I-880 N/B,,,2/12/2025 8:17:29 AM,B,N,960.0,JACKSON ST,F,,D,2/12/2025 8:17:31 AM,2/12/2025 8:17:31 AM,False,True,4,,2/6/2025 9:18:00 PM,2118,False,,,True
4575194,9370-2025-00380,1,False,9370,2/3/2025 6:50:00 PM,1850,176,14,109,Oakland,1,True,True,C,REAR END,,Monday,NotApplicable,False,,,False,True,False,ALAMEDA SUPERIOR COURT WILEY W. MANUEL COURTHOUSE,C,OTHER MOTOR VEHICLE,,0,0,C,DARK-STREET LIGHTS,37.779274,-122.236913,,,,,A,NO PEDESTRIANS INVOLVED,2/3/2025 6:50:00 PM,A,VC 22350,False,1,I-880 N/B TO 23RD AVENUE,,,2/12/2025 7:20:58 AM,B,S,15.0,23RD AVE,F,,A,2/12/2025 7:20:59 AM,2/12/2025 7:20:59 AM,False,True,4,,2/3/2025 6:55:00 PM,1855,False,,,True
4575181,9370-2025-00400,1,False,9370,2/4/2025 4:43:00 AM,443,054,14,109,Oakland,1,True,True,A,HEAD-ON,,Tuesday,NotApplicable,False,,,False,True,False,ALAMEDA SUPERIOR COURT WILEY W. MANUEL COURTHOUSE,I,FIXED OBJECT,SOUNDWALL,0,0,C,DARK-STREET LIGHTS,37.808406,-122.241567,,,,,A,NO PEDESTRIANS INVOLVED,2/4/2025 4:43:00 AM,A,VC 22350,False,1,I-580 W/B,,,2/12/2025 7:16:14 AM,B,E,1478.0,LAKESHORE AVENUE,F,,D,2/12/2025 7:16:15 AM,2/12/2025 7:16:15 AM,False,True,4,,2/4/2025 4:46:00 AM,0446,False,,,True