collision-id,report-number,report-version,is-preliminary,ncic-code,crash-date-time,crash-time-description,beat,city-id,city-code,city-name,county-code,city-is-active,city-is-incorporated,collision-type-code,collision-type-description,collision-type-other-desc,day-of-week,dispatch-notified,has-photographs,hit-run,is-attachments-mailed,is-deleted,is-highway-related,is-tow-away,judicial-district,motor-vehicle-involved-with-code,motor-vehicle-involved-with-desc,motor-vehicle-involved-with-other-desc,number-injured,number-killed,lighting-code,lighting-description,latitude,longitude,milepost-direction,milepost-distance,milepost-marker,milepost-unit-of-measure,pedestrian-action-code,pedestrian-action-desc,prepared-date,primary-collision-factor-code,primary-collision-factor-description,primary-collision-factor-is-cited,primary-collision-party-number,primary-road,reporting-district,reporting-district-code,reviewed-date,roadway-surface-code,secondary-direction,secondary-distance,secondary-road,secondary-unit-of-measure,sketch-desc,traffic-control-device-code,created-date,modified-date,is-county-road,is-freeway,chp-555-version,is-additonal-object-struck,notification-date,notification-time-description,has-digital-media-files,evidence-number,is-location-refer-to-narrative,is-aoi-one-same-as-location
4575176,9370-2025-00364,1,False,9370,2/1/2025 12:31:00 PM,1231,024,14,109,Oakland,1,True,True,A,HEAD-ON,,Saturday,NotApplicable,False,,,False,True,True,ALAMEDA SUPERIOR COURT WILEY W. MANUEL COURTHOUSE,C,OTHER MOTOR VEHICLE,,1,0,A,DAYLIGHT,37.849091,-122.231942,,,,,A,NO PEDESTRIANS INVOLVED,2/1/2025 12:31:00 PM,A,VC 22350,False,1,SR-24 W/B,,,2/12/2025 7:15:19 AM,B,W,845.0,SR-13 S/B,F,,D,2/12/2025 7:15:22 AM,2/12/2025 7:15:22 AM,False,True,4,,2/1/2025 12:40:00 PM,1240,True,EMBEDDED,,True
4575172,9370-2025-00321,1,False,9370,1/31/2025 8:53:00 AM,853,025,14,109,Oakland,1,True,True,B,SIDE SWIPE,,Friday,NotApplicable,False,M,,False,True,False,ALAMEDA SUPERIOR COURT WILEY W. MANUEL COURTHOUSE,C,OTHER MOTOR VEHICLE,,1,0,A,DAYLIGHT,37.83776,-122.26605,,,,,A,NO PEDESTRIANS INVOLVED,1/31/2025 8:53:00 AM,A,VC 21658(A),False,1,SR-24 W/B FROM 52ND STREET,,,2/12/2025 7:11:17 AM,B,E,65.0,52ND STREET,F,,D,2/12/2025 7:11:20 AM,2/12/2025 7:11:20 AM,False,True,4,,1/31/2025 9:07:00 AM,0907,False,,,True
4575156,25-000351,1,False,0109,1/2/2025 7:58:00 PM,1958,12Y,14,109,Oakland,1,True,True,B,SIDE SWIPE,,Thursday,,,,,False,False,False,,E,PARKED MOTOR VEHICLE,,1,0,C,DARK-STREET LIGHTS,,,,,,,A,NO PEDESTRIANS INVOLVED,,A,21658A,,1,CLAREMONT AV,1,,,A,,,FOREST ST,,,A,2/12/2025 7:05:26 AM,2/12/2025 7:05:26 AM,,,2,,,,,,,
4575131,25-000493,1,False,0109,1/3/2025 6:38:00 PM,1838,24Y,14,109,Oakland,1,True,True,B,SIDE SWIPE,,Friday,,,M,,False,False,False,,C,OTHER MOTOR VEHICLE,,1,0,C,DARK-STREET LIGHTS,,,,,,,A,NO PEDESTRIANS INVOLVED,,A,22107,,1,HIGH ST,2,,,A,,,REDDING ST,,,A,2/12/2025 6:45:25 AM,2/12/2025 6:45:25 AM,,,2,,,,,,,
4575119,25-001837,1,False,0109,1/11/2025 6:03:00 PM,1803,10Y,14,109,Oakland,1,True,True,D,BROADSIDE,,Saturday,,,,,False,False,False,,C,OTHER MOTOR VEHICLE,,2,0,C,DARK-STREET LIGHTS,,,,,,,A,NO PEDESTRIANS INVOLVED,,A,21802A,,1,MARTIN LUTHER KING JR WY,1,,,A,,,56TH ST,,,A,2/12/2025 6:35:25 AM,2/12/2025 6:35:25 AM,,,2,,,,,,,
4575099,25-001528,1,False,0109,1/10/2025 12:19:00 AM,19,32X,14,109,Oakland,1,True,True,D,BROADSIDE,,Friday,,,,,False,False,True,,C,OTHER MOTOR VEHICLE,,2,0,C,DARK-STREET LIGHTS,,,,,,,A,NO PEDESTRIANS INVOLVED,,A,22350,,1,INTERNATIONAL BL,2,,,A,,,TUCKER ST,,,A,2/12/2025 6:25:25 AM,2/12/2025 6:25:25 AM,,,2,,,,,,,
4575092,25-001809,1,False,0109,1/11/2025 2:22:00 PM,1422,24X,14,109,Oakland,1,True,True,A,HEAD-ON,,Saturday,,,,,False,False,False,,C,OTHER MOTOR VEHICLE,,2,0,A,DAYLIGHT,,,,,,,A,NO PEDESTRIANS INVOLVED,,A,21801A,,1,FOOTHILL BL,2,,,A,,,HIGH ST,,,A,2/12/2025 6:20:25 AM,2/12/2025 6:20:25 AM,,,2,,,,,,,
4575088,25-001786,1,False,0109,1/11/2025 11:10:00 AM,1110,32X,14,109,Oakland,1,True,True,H,OTHER,,Saturday,,,M,,False,False,False,,C,OTHER MOTOR VEHICLE,,1,0,A,DAYLIGHT,,,,,,,A,NO PEDESTRIANS INVOLVED,,A,21453A,,1,INTERNATIONAL BL,2,,,A,,,105TH AV,,,A,2/12/2025 6:15:25 AM,2/12/2025 6:15:25 AM,,,2,,,,,,,
4575085,25-001889,1,False,0109,1/12/2025 3:33:00 AM,333,33X,14,109,Oakland,1,True,True,A,HEAD-ON,,Sunday,,,F,,False,False,False,,E,PARKED MOTOR VEHICLE,,1,0,B,DUSK-DAWN,,,,,,,A,NO PEDESTRIANS INVOLVED,,A,22107,,1,92ND AV,2,,,A,W,10.0,D ST,F,,A,2/12/2025 6:10:26 AM,2/12/2025 6:10:26 AM,,,2,,,,,,,
4575069,9335-2025-00158,1,False,9335,1/21/2025 1:12:00 AM,112,904,14,109,Oakland,1,True,True,E,HIT OBJECT,,Tuesday,Yes,False,M,,False,True,True,ALAMEDA SUPERIOR COURT JUVENILE JUSTICE CENTER,I,FIXED OBJECT,CURB,1,0,C,DARK-STREET LIGHTS,37.819209,-122.255088,,,,,A,NO PEDESTRIANS INVOLVED,1/21/2025 1:12:00 AM,A,VC 22350,False,1,I-580 E/B TO HARRISON STREET,,,2/12/2025 5:46:25 AM,A,N,1.0,HARRISON STREET,F,,A,2/12/2025 5:46:34 AM,2/12/2025 5:46:34 AM,False,True,4,True,1/21/2025 3:00:00 AM,0300,True,AREA PHOTO FILE,,True
4574605,9370-2025-00477,1,False,9370,2/10/2025 3:29:00 PM,1529,024,14,109,Oakland,1,True,True,C,REAR END,,Monday,NotApplicable,False,,,False,True,True,ALAMEDA SUPERIOR COURT ALAMEDA,C,OTHER MOTOR VEHICLE,,0,0,A,DAYLIGHT,37.847707,-122.244393,,,,,A,NO PEDESTRIANS INVOLVED,2/10/2025 3:29:00 PM,A,VC 22350,False,1,SR-24 E/B,,,2/11/2025 4:33:07 PM,A,W,80.0,PATTON ST,F,,D,2/11/2025 4:33:09 PM,2/11/2025 4:33:09 PM,False,True,4,,2/10/2025 3:29:00 PM,1529,False,,,True
4574587,9370-2025-00448,1,False,9370,2/8/2025 12:20:00 PM,1220,176,14,109,Oakland,1,True,True,C,REAR END,,Saturday,NotApplicable,False,,,False,True,True,ALAMEDA SUPERIOR COURT WILEY W. MANUEL COURTHOUSE,C,OTHER MOTOR VEHICLE,,0,0,A,DAYLIGHT,37.731471,-122.188293,,,,,A,NO PEDESTRIANS INVOLVED,2/8/2025 12:20:00 PM,A,VC 22350,False,1,I-880 N/B,,,2/11/2025 4:13:38 PM,A,S,70.0,98TH AVENUE,F,,D,2/11/2025 4:13:40 PM,2/11/2025 4:13:40 PM,False,True,4,,2/8/2025 12:25:00 PM,1225,False,,,True
4574551,9370-2025-00438,1,False,9370,2/7/2025 4:30:00 PM,1630,176,14,109,Oakland,1,True,True,B,SIDE SWIPE,,Friday,NotApplicable,False,,,False,True,False,ALAMEDA SUPERIOR COURT WILEY W. MANUEL COURTHOUSE,C,OTHER MOTOR VEHICLE,,0,0,A,DAYLIGHT,37.737557,-122.194015,,,,,A,NO PEDESTRIANS INVOLVED,2/7/2025 4:30:00 PM,B,UNSAFE MERGE,,1,I-880 S/B,,,2/11/2025 3:22:56 PM,A,S,890.0,HEGENBERGER ROAD,F,,D,2/11/2025 3:22:58 PM,2/11/2025 3:22:58 PM,False,True,4,,2/7/2025 4:35:00 PM,1635,False,,,True
4574535,9370-2025-00424,1,False,9370,2/6/2025 4:55:00 PM,1655,178,14,109,Oakland,1,True,True,C,REAR END,,Thursday,NotApplicable,False,,,False,True,False,ALAMEDA SUPERIOR COURT WILEY W. MANUEL COURTHOUSE,C,OTHER MOTOR VEHICLE,,1,0,A,DAYLIGHT,37.807036,-122.304339,,,,,A,NO PEDESTRIANS INVOLVED,2/6/2025 4:55:00 PM,A,VC 22350,True,1,I-880 N/B,,,2/11/2025 3:03:06 PM,B,S,235.0,7TH ST,F,,D,2/11/2025 3:03:08 PM,2/11/2025 3:03:08 PM,False,True,4,,2/6/2025 5:00:00 PM,1700,False,,,True
4574218,9370-2025-00439,1,False,9370,2/7/2025 5:30:00 PM,1730,176,14,109,Oakland,1,True,True,C,REAR END,,Friday,NotApplicable,False,,,False,True,False,ALAMEDA SUPERIOR COURT WILEY W. MANUEL COURTHOUSE,C,OTHER MOTOR VEHICLE,,0,0,D,DARK-NO STREET LIGHTS,37.775213,-122.234202,,,,,A,NO PEDESTRIANS INVOLVED,2/7/2025 5:30:00 PM,A,VC 22350,False,1,I-880 S/B,,,2/11/2025 12:46:11 PM,A,N,1900.0,FRUITVALE AVENUE,F,,D,2/11/2025 12:46:13 PM,2/11/2025 12:46:13 PM,False,True,4,,2/7/2025 5:40:00 PM,1740,False,,,True
4574211,9370-2025-00440,1,False,9370,2/7/2025 4:05:00 PM,1605,055,14,109,Oakland,1,True,True,B,SIDE SWIPE,,Friday,NotApplicable,False,,,False,True,False,ALAMEDA SUPERIOR COURT WILEY W. MANUEL COURTHOUSE,C,OTHER MOTOR VEHICLE,,0,0,A,DAYLIGHT,37.827175,-122.280596,,,,,A,NO PEDESTRIANS INVOLVED,2/7/2025 4:05:00 PM,C,,,,I-580 E/B,,,2/11/2025 12:43:56 PM,A,W,601.0,SAN PABLO AVENUE,F,,D,2/11/2025 12:44:01 PM,2/11/2025 12:44:01 PM,False,True,4,,2/7/2025 4:12:00 PM,1612,True,EMBEDDED,,True
4574124,25-001942,1,False,0109,1/12/2025 4:01:00 PM,1601,28X,14,109,Oakland,1,True,True,C,REAR END,,Sunday,,,,,False,False,False,,E,PARKED MOTOR VEHICLE,,1,0,A,DAYLIGHT,,,,,,,A,NO PEDESTRIANS INVOLVED,,A,22350,,1,BIRDSALL AV,2,,,A,E,20.0,MONTICELLO AV,F,,A,2/11/2025 12:15:23 PM,2/11/2025 12:15:23 PM,,,2,,,,,,,
4573998,9370-2025-00393,1,False,9370,2/4/2025 4:01:00 PM,1601,098,14,109,Oakland,1,True,True,C,REAR END,,Tuesday,NotApplicable,False,,,False,True,True,ALAMEDA SUPERIOR COURT WILEY W. MANUEL COURTHOUSE,C,OTHER MOTOR VEHICLE,,0,0,A,DAYLIGHT,37.811565,-122.274699,,,,,A,NO PEDESTRIANS INVOLVED,2/4/2025 4:01:00 PM,A,VC 22350,False,1,I-980 W/B,,,2/11/2025 11:15:20 AM,B,W,262.0,SAN PABLO AVENUE,F,,D,2/11/2025 11:15:21 AM,2/11/2025 11:15:21 AM,False,True,4,,2/4/2025 4:08:00 PM,1608,False,,,True
4573992,9370-2025-00274,1,False,9370,1/23/2025 9:19:00 AM,919,177,14,109,Oakland,1,True,True,E,HIT OBJECT,,Thursday,NotApplicable,False,M,,False,True,False,ALAMEDA SUPERIOR COURT WILEY W. MANUEL COURTHOUSE,J,OTHER OBJECT,DEBRIS,0,0,A,DAYLIGHT,37.800625,-122.279976,,,,,A,NO PEDESTRIANS INVOLVED,1/23/2025 9:19:00 AM,A,VC 24002(a),False,1,I-880 N/B,,,2/11/2025 11:11:10 AM,A,S,600.0,7TH STREET,F,,D,2/11/2025 11:11:12 AM,2/11/2025 11:11:12 AM,False,True,4,,1/23/2025 9:45:00 AM,0945,False,,,True
4573802,9335-2025-00270,1,False,9335,2/3/2025 12:40:00 PM,1240,082,14,109,Oakland,1,True,True,B,SIDE SWIPE,,Monday,NotApplicable,False,,,False,True,False,ALAMEDA SUPERIOR COURT ALAMEDA,C,OTHER MOTOR VEHICLE,,1,0,A,DAYLIGHT,37.821416,-122.335052,,,,,A,NO PEDESTRIANS INVOLVED,2/3/2025 12:40:00 PM,A,VC 21658(A),False,1,I-80 W/B,,,2/11/2025 9:57:56 AM,A,W,1.18,SFOBB TOLL PLAZA,M,,D,2/11/2025 9:57:59 AM,2/11/2025 9:57:59 AM,False,True,4,,2/3/2025 12:45:00 PM,1245,False,,,True
4573753,9370-2025-00437,1,False,9370,2/7/2025 2:15:00 PM,1415,176,14,109,Oakland,1,True,True,B,SIDE SWIPE,,Friday,NotApplicable,False,,,False,True,False,ALAMEDA SUPERIOR COURT WILEY W. MANUEL COURTHOUSE,C,OTHER MOTOR VEHICLE,,0,0,A,DAYLIGHT,37.744962,-122.200407,,,,,A,NO PEDESTRIANS INVOLVED,2/7/2025 2:15:00 PM,A,VC 21658(A),False,1,I-880 S/B,,,2/11/2025 9:35:49 AM,A,N,1750.0,HEGENBERGER ROAD,F,,D,2/11/2025 9:35:53 AM,2/11/2025 9:35:53 AM,False,True,4,,2/7/2025 2:19:00 PM,1419,False,,,True
4573670,25-000175,1,False,0109,1/2/2025 7:16:00 AM,716,13X,14,109,Oakland,1,True,True,G,VEHICLE/PEDESTRAIN,,Thursday,,,,,False,False,False,,B,PEDESTRIAN,,1,0,A,DAYLIGHT,,,,,,,B,CROSSING IN CROSS WALK AT INTERSECTION,,A,21950A,,1,LA SALLE AV,1,,,A,,,MORAGA AV,,,A,2/11/2025 9:05:21 AM,2/11/2025 9:05:21 AM,,,2,,,,,,,
4573656,25-000742,1,False,0109,1/5/2025 3:07:00 PM,1507,16Y,14,109,Oakland,1,True,True,B,SIDE SWIPE,,Sunday,,,M,,False,False,False,,C,OTHER MOTOR VEHICLE,,0,0,A,DAYLIGHT,,,,,,,A,NO PEDESTRIANS INVOLVED,,A,21453A,,1,13TH AV,1,,,A,,,CHATHAM AV,,,A,2/11/2025 9:00:21 AM,2/11/2025 9:00:21 AM,,,2,,,,,,,
4573642,25-001913,1,False,0109,1/12/2025 5:36:00 AM,536,24X,14,109,Oakland,1,True,True,B,SIDE SWIPE,,Sunday,,,M,,False,False,False,,E,PARKED MOTOR VEHICLE,,0,0,B,DUSK-DAWN,,,,,,,A,NO PEDESTRIANS INVOLVED,,A,22107,,1,35TH AV,2,,,A,S,100.0,LYON ST,F,,D,2/11/2025 8:55:21 AM,2/11/2025 8:55:21 AM,,,2,,,,,,,
4573632,25-002449,1,False,0109,1/15/2025 7:55:00 PM,1955,29X,14,109,Oakland,1,True,True,E,HIT OBJECT,,Wednesday,,,,,False,False,False,,I,FIXED OBJECT,,0,0,C,DARK-STREET LIGHTS,,,,,,,A,NO PEDESTRIANS INVOLVED,,A,22107,,1,73RD AV,2,,,A,S,50.0,SIMSON ST,F,,D,2/11/2025 8:50:21 AM,2/11/2025 8:50:21 AM,,,2,,,,,,,
4573629,25-002408,1,False,0109,1/15/2025 4:03:00 PM,1603,27Y,14,109,Oakland,1,True,True,E,HIT OBJECT,,Wednesday,,,,,False,False,False,,I,FIXED OBJECT,,0,0,A,DAYLIGHT,,,,,,,A,NO PEDESTRIANS INVOLVED,,A,22107,,1,BANCROFT AV,2,,,A,E,18.0,57TH AV,F,,D,2/11/2025 8:50:21 AM,2/11/2025 8:50:21 AM,,,2,,,,,,,
4573620,25-002042,1,False,0109,1/13/2025 10:00:00 AM,1000,30X,14,109,Oakland,1,True,True,D,BROADSIDE,,Monday,,,,,False,False,False,,C,OTHER MOTOR VEHICLE,,0,0,A,DAYLIGHT,,,,,,,A,NO PEDESTRIANS INVOLVED,,A,21801A,,1,MACARTHUR BL,2,,,A,,,SEMINARY AV,,,A,2/11/2025 8:45:21 AM,2/11/2025 8:45:21 AM,,,2,,,,,,,
4573619,25-001243,1,False,0109,1/8/2025 6:47:00 AM,647,03X,14,109,Oakland,1,True,True,C,REAR END,,Wednesday,,,M,,False,False,False,,C,OTHER MOTOR VEHICLE,,0,0,A,DAYLIGHT,,,,,,,A,NO PEDESTRIANS INVOLVED,,A,22350,,1,12TH ST,1,,,A,,,BRUSH ST,,,A,2/11/2025 8:45:21 AM,2/11/2025 8:45:21 AM,,,2,,,,,,,
4573617,25-002028,1,False,0109,1/13/2025 8:28:00 AM,828,0828,14,109,Oakland,1,True,True,A,HEAD-ON,,Monday,,,M,,False,False,True,,I,FIXED OBJECT,,0,0,A,DAYLIGHT,,,,,,,A,NO PEDESTRIANS INVOLVED,,A,22107,,1,BANCROFT AV,2,,,A,E,85.0,75TH AV,F,,D,2/11/2025 8:45:21 AM,2/11/2025 8:45:21 AM,,,2,,,,,,,
4573609,25-000567,1,False,0109,1/4/2025 12:50:00 PM,1250,02X,14,109,Oakland,1,True,True,B,SIDE SWIPE,,Saturday,,,,,False,False,False,,C,OTHER MOTOR VEHICLE,,0,0,A,DAYLIGHT,,,,,,,A,NO PEDESTRIANS INVOLVED,,A,21453A,,1,5TH ST,1,,,A,,,ADELINE ST,,,A,2/11/2025 8:40:21 AM,2/11/2025 8:40:21 AM,,,2,,,,,,,
4573607,25-002480,1,False,0109,1/16/2025 12:01:00 AM,1,30X,14,109,Oakland,1,True,True,C,REAR END,,Thursday,,,,,False,False,False,,E,PARKED MOTOR VEHICLE,,0,0,C,DARK-STREET LIGHTS,,,,,,,A,NO PEDESTRIANS INVOLVED,,A,22106,,1,88TH AV,2,,,A,S,12.0,HILLSIDE ST,F,,A,2/11/2025 8:40:21 AM,2/11/2025 8:40:21 AM,,,2,,,,,,,
4573606,25-000512,1,False,0109,1/8/2025 11:34:00 PM,2334,08X,14,109,Oakland,1,True,True,B,SIDE SWIPE,,Wednesday,,,M,,False,False,False,,C,OTHER MOTOR VEHICLE,,0,0,A,DAYLIGHT,,,,,,,A,NO PEDESTRIANS INVOLVED,,A,22107,,1,GRAND AV,1,,,A,E,50.0,BROADWAY,F,,A,2/11/2025 8:40:21 AM,2/11/2025 8:40:21 AM,,,2,,,,,,,
4573593,25-002337,1,False,0109,1/15/2025 7:55:00 AM,755,29X,14,109,Oakland,1,True,True,D,BROADSIDE,,Wednesday,,,,,False,False,False,,C,OTHER MOTOR VEHICLE,,0,0,A,DAYLIGHT,,,,,,,A,NO PEDESTRIANS INVOLVED,,A,21453A,,1,HAVENSCOURT BL,2,,,A,,,BANCROFT AV,,,A,2/11/2025 8:35:21 AM,2/11/2025 8:35:21 AM,,,2,,,,,,,
4573591,25-002023,1,False,0109,1/13/2025 3:20:00 AM,320,03X,14,109,Oakland,1,True,True,A,HEAD-ON,,Monday,,,M,,False,False,False,,C,OTHER MOTOR VEHICLE,,0,0,C,DARK-STREET LIGHTS,,,,,,,A,NO PEDESTRIANS INVOLVED,,A,22107,,1,14TH ST,1,,,A,,,CLAY ST,,,A,2/11/2025 8:35:21 AM,2/11/2025 8:35:21 AM,,,2,,,,,,,
4573578,25-001662,1,False,0109,1/10/2025 1:50:00 PM,1350,32X,14,109,Oakland,1,True,True,A,HEAD-ON,,Friday,,,M,,False,False,False,,C,OTHER MOTOR VEHICLE,,0,0,A,DAYLIGHT,,,,,,,A,NO PEDESTRIANS INVOLVED,,A,22450A,,1,104TH AV,2,,,A,,,BIRCH ST,,,A,2/11/2025 8:30:21 AM,2/11/2025 8:30:21 AM,,,2,,,,,,,
4573577,25-001878,1,False,0109,1/11/2025 11:25:00 PM,2325,06X,14,109,Oakland,1,True,True,B,SIDE SWIPE,,Saturday,,,,,False,False,False,,C,OTHER MOTOR VEHICLE,,0,0,D,DARK-NO STREET LIGHTS,,,,,,,A,NO PEDESTRIANS INVOLVED,,A,22107,,1,36TH ST,1,,,A,E,2.0,WEST ST,F,,A,2/11/2025 8:30:21 AM,2/11/2025 8:30:21 AM,,,2,,,,,,,
4573563,25-001697,1,False,0109,1/10/2025 5:45:00 PM,1745,34X,14,109,Oakland,1,True,True,C,REAR END,,Friday,,,M,,False,False,False,,C,OTHER MOTOR VEHICLE,,0,0,C,DARK-STREET LIGHTS,,,,,,,A,NO PEDESTRIANS INVOLVED,,A,22350,,1,BANCROFT AV,2,,,A,,,94TH AV,,,A,2/11/2025 8:25:21 AM,2/11/2025 8:25:21 AM,,,2,,,,,,,
4573550,25-000610,1,False,0109,1/4/2025 6:06:00 PM,1806,27X,14,109,Oakland,1,True,True,A,HEAD-ON,,Saturday,,,,,False,False,False,,C,OTHER MOTOR VEHICLE,,0,0,A,DAYLIGHT,,,,,,,A,NO PEDESTRIANS INVOLVED,,A,21453A,,1,57TH AV,2,,,A,,,INTERNATIONAL BL,,,A,2/11/2025 8:20:21 AM,2/11/2025 8:20:21 AM,,,2,,,,,,,
4573540,25-002183,1,False,0109,1/14/2025 9:00:00 AM,900,23X,14,109,Oakland,1,True,True,A,HEAD-ON,,Tuesday,,,,,False,False,False,,I,FIXED OBJECT,,0,0,A,DAYLIGHT,,,,,,,A,NO PEDESTRIANS INVOLVED,,A,22107,,1,E 12TH ST,2,,,A,,,30TH AV,,,D,2/11/2025 8:15:21 AM,2/11/2025 8:15:21 AM,,,2,,,,,,,
4573537,25-001405,1,False,0109,1/9/2025 8:27:00 AM,827,30X,14,109,Oakland,1,True,True,A,HEAD-ON,,Thursday,,,,,False,False,False,,I,FIXED OBJECT,,0,0,A,DAYLIGHT,,,,,,,A,NO PEDESTRIANS INVOLVED,,A,22107,,1,73RD AV,2,,,A,N,100.0,INTERNATIONAL BL,F,,A,2/11/2025 8:15:21 AM,2/11/2025 8:15:21 AM,,,2,,,,,,,
4573531,25-001748,1,False,0109,1/11/2025 3:00:00 AM,300,30X,14,109,Oakland,1,True,True,D,BROADSIDE,,Saturday,,,M,,False,False,False,,E,PARKED MOTOR VEHICLE,,0,0,C,DARK-STREET LIGHTS,,,,,,,A,NO PEDESTRIANS INVOLVED,,A,22107,,1,FLORA ST,2,,,A,,,HAVENSCOURT BL,,,D,2/11/2025 8:10:21 AM,2/11/2025 8:10:21 AM,,,2,,,,,,,
4573530,25-000918,1,False,0109,1/6/2025 5:43:00 PM,1743,23X,14,109,Oakland,1,True,True,A,HEAD-ON,,Monday,,,M,,False,False,False,,C,OTHER MOTOR VEHICLE,,0,0,C,DARK-STREET LIGHTS,,,,,,,A,NO PEDESTRIANS INVOLVED,,A,22107,,1,FOOTHILL BL,2,,,A,W,15.0,ROSEDALE AV,F,,D,2/11/2025 8:10:21 AM,2/11/2025 8:10:21 AM,,,2,,,,,,,
4573494,9370-2025-00413,1,False,9370,2/5/2025 3:12:00 AM,312,052,14,109,Oakland,1,True,True,E,HIT OBJECT,,Wednesday,NotApplicable,False,,,False,True,False,ALAMEDA SUPERIOR COURT WILEY W. MANUEL COURTHOUSE,I,FIXED OBJECT,QUADGUARD GUARDRAIL,1,0,D,DARK-NO STREET LIGHTS,37.755255,-122.150167,,,,,A,NO PEDESTRIANS INVOLVED,2/5/2025 3:12:00 AM,A,VC 22107,False,1,I-580 E/B,,,2/11/2025 7:57:37 AM,A,W,624.0,GOLF LINKS RD,F,,D,2/11/2025 7:57:39 AM,2/11/2025 7:57:39 AM,False,True,4,,2/5/2025 3:17:00 AM,0317,False,,,True
4573443,25-002479,1,False,0109,1/16/2025 1:22:00 AM,122,07X,14,109,Oakland,1,True,True,C,REAR END,,Thursday,,,M,,False,False,False,,C,OTHER MOTOR VEHICLE,,0,0,C,DARK-STREET LIGHTS,,,,,,,A,NO PEDESTRIANS INVOLVED,,A,22350,,1,W GRAND AV,1,,,A,,,BRUSH ST,,,A,2/11/2025 7:40:20 AM,2/11/2025 7:40:20 AM,,,2,,,,,,,
4573440,9370-2025-00382,1,False,9370,2/4/2025 12:35:00 AM,35,055,14,109,Oakland,1,True,True,E,HIT OBJECT,,Tuesday,NotApplicable,False,M,,False,True,False,ALAMEDA SUPERIOR COURT WILEY W. MANUEL COURTHOUSE,I,FIXED OBJECT,CONCRETE BARRIER,0,0,C,DARK-STREET LIGHTS,37.826685,-122.278783,,,,,A,NO PEDESTRIANS INVOLVED,2/4/2025 12:35:00 AM,A,VC 22107,False,1,I-580 E/B,,,2/11/2025 7:40:07 AM,B,W,49.0,SAN PABLO AVENUE,F,,D,2/11/2025 7:40:08 AM,2/11/2025 7:40:08 AM,False,True,4,,2/4/2025 12:40:00 AM,0040,False,,,True
4573424,25-002152,1,False,0109,1/14/2025 6:31:00 PM,1831,21X,14,109,Oakland,1,True,True,B,SIDE SWIPE,,Tuesday,,,M,,False,False,False,,E,PARKED MOTOR VEHICLE,,0,0,C,DARK-STREET LIGHTS,,,,,,,A,NO PEDESTRIANS INVOLVED,,A,22107,,1,COOLIDGE AV,2,,,A,S,100.0,E 23RD ST,F,,D,2/11/2025 7:35:20 AM,2/11/2025 7:35:20 AM,,,2,,,,,,,
4573324,9370-2025-00309,1,False,9370,1/30/2025 7:11:00 AM,711,008,14,109,Oakland,1,True,True,B,SIDE SWIPE,,Thursday,NotApplicable,False,,,False,True,False,ALAMEDA SUPERIOR COURT WILEY W. MANUEL COURTHOUSE,C,OTHER MOTOR VEHICLE,,1,0,B,DUSK-DAWN,37.825038,-122.310766,,,,,A,NO PEDESTRIANS INVOLVED,1/30/2025 7:11:00 AM,A,VC 22350,False,1,I-80 W/B,,,2/11/2025 6:37:37 AM,A,W,355.0,WEST GRAND AVENUE OVER-CROSSING,F,,D,2/11/2025 6:37:41 AM,2/11/2025 6:37:41 AM,False,True,4,,1/30/2025 7:23:00 AM,0723,True,AREA PHOTO FILE,,True