collision-id,report-number,report-version,is-preliminary,ncic-code,crash-date-time,crash-time-description,beat,city-id,city-code,city-name,county-code,city-is-active,city-is-incorporated,collision-type-code,collision-type-description,collision-type-other-desc,day-of-week,dispatch-notified,has-photographs,hit-run,is-attachments-mailed,is-deleted,is-highway-related,is-tow-away,judicial-district,motor-vehicle-involved-with-code,motor-vehicle-involved-with-desc,motor-vehicle-involved-with-other-desc,number-injured,number-killed,lighting-code,lighting-description,latitude,longitude,milepost-direction,milepost-distance,milepost-marker,milepost-unit-of-measure,pedestrian-action-code,pedestrian-action-desc,prepared-date,primary-collision-factor-code,primary-collision-factor-description,primary-collision-factor-is-cited,primary-collision-party-number,primary-road,reporting-district,reporting-district-code,reviewed-date,roadway-surface-code,secondary-direction,secondary-distance,secondary-road,secondary-unit-of-measure,sketch-desc,traffic-control-device-code,created-date,modified-date,is-county-road,is-freeway,chp-555-version,is-additonal-object-struck,notification-date,notification-time-description,has-digital-media-files,evidence-number,is-location-refer-to-narrative,is-aoi-one-same-as-location
4572851,9370-2025-00425,1,False,9370,2/6/2025 5:25:00 PM,1725,176,14,109,Oakland,1,True,True,C,REAR END,,Thursday,NotApplicable,False,,,False,True,False,ALAMEDA SUPERIOR COURT ALAMEDA,C,OTHER MOTOR VEHICLE,,1,0,A,DAYLIGHT,37.755861,-122.209972,,,,,A,NO PEDESTRIANS INVOLVED,2/6/2025 5:25:00 PM,A,VC 22350,False,1,I-880 S/B,,,2/10/2025 7:34:26 PM,B,N,840.0,66TH AVE,F,,D,2/10/2025 7:34:30 PM,2/10/2025 7:34:30 PM,False,True,4,,2/6/2025 5:25:00 PM,1725,False,,,True
4572598,9370-2025-00392,1,False,9370,2/4/2025 8:00:00 AM,800,052,14,109,Oakland,1,True,True,C,REAR END,,Tuesday,NotApplicable,False,M,,False,True,False,ALAMEDA SUPERIOR COURT WILEY W. MANUEL COURTHOUSE,C,OTHER MOTOR VEHICLE,,1,0,A,DAYLIGHT,37.767042,-122.152725,,,,,A,NO PEDESTRIANS INVOLVED,2/4/2025 8:00:00 AM,A,VC 22350,False,1,I-580 W/B,,,2/10/2025 4:49:59 PM,B,E,2066.0,KELLER AVE,F,,D,2/10/2025 4:50:01 PM,2/10/2025 4:50:01 PM,False,True,4,,2/4/2025 8:30:00 AM,0830,False,,,True
4572407,9335-2025-00244,1,False,9335,1/29/2025 5:40:00 AM,540,082,14,109,Oakland,1,True,True,C,REAR END,,Wednesday,NotApplicable,False,M,,False,True,False,ALAMEDA SUPERIOR COURT WILEY W. MANUEL COURTHOUSE,C,OTHER MOTOR VEHICLE,,0,0,B,DUSK-DAWN,37.824367,-122.317315,,,,,A,NO PEDESTRIANS INVOLVED,1/29/2025 5:40:00 AM,A,VC 22350,False,1,I-80 W/B,,,2/10/2025 1:20:40 PM,A,W,990.0,SAN FRANCISO OAKLAND BAY BRIDGE TOLL PLAZA,F,,D,2/10/2025 1:20:42 PM,2/10/2025 1:20:42 PM,False,True,4,,1/29/2025 6:30:00 AM,0630,False,,,True
4572359,9370-2025-00388,1,False,9370,2/3/2025 4:39:00 PM,1639,008,14,109,Oakland,1,True,True,B,SIDE SWIPE,,Monday,NotApplicable,False,,,False,True,False,ALAMEDA SUPERIOR COURT WILEY W. MANUEL COURTHOUSE,C,OTHER MOTOR VEHICLE,,0,0,A,DAYLIGHT,37.826987,-122.291251,,,,,A,NO PEDESTRIANS INVOLVED,2/3/2025 4:39:00 PM,A,VC 21658(A),False,1,I-80 W/B TO I-580 E/B,,,2/10/2025 12:47:21 PM,A,W,417.0,MANDELA PKWY,F,,D,2/10/2025 12:47:23 PM,2/10/2025 12:47:23 PM,False,True,4,,2/3/2025 4:41:00 PM,1641,False,,,True
4572287,9370-2025-00356,1,False,9370,2/2/2025 4:05:00 AM,405,008,14,109,Oakland,1,True,True,E,HIT OBJECT,,Sunday,NotApplicable,False,,,False,True,False,ALAMEDA SUPERIOR COURT WILEY W. MANUEL COURTHOUSE,I,FIXED OBJECT,CONCRETE BARRIER WALL,0,0,D,DARK-NO STREET LIGHTS,37.829624,-122.293797,,,,,A,NO PEDESTRIANS INVOLVED,2/2/2025 4:05:00 AM,A,VC 22107,True,1,I-80 W/B,,,2/10/2025 11:50:25 AM,A,W,3125.0,POWELL ST,F,,D,2/10/2025 11:50:25 AM,2/10/2025 11:50:25 AM,False,True,4,,2/2/2025 4:15:00 AM,0415,False,,,True
4571316,9370-2025-00358,1,False,9370,2/2/2025 4:05:00 AM,405,013,14,109,Oakland,1,True,True,H,OTHER,ANIMAL,Sunday,NotApplicable,False,,,False,True,True,ALAMEDA SUPERIOR COURT WILEY W. MANUEL COURTHOUSE,H,ANIMAL,DEER,1,0,D,DARK-NO STREET LIGHTS,37.826807,-122.211386,,,,,A,NO PEDESTRIANS INVOLVED,2/2/2025 4:05:00 AM,C,,,,SR-13 N/B,,,2/10/2025 7:21:21 AM,B,S,1250.0,MORAGA AVE,F,,D,2/10/2025 7:21:22 AM,2/10/2025 7:21:22 AM,False,True,4,,2/2/2025 4:10:00 AM,0410,False,,,True
4571310,9370-2025-00347,1,False,9370,2/1/2025 12:14:00 PM,1214,054,14,109,Oakland,1,True,True,E,HIT OBJECT,,Saturday,NotApplicable,False,,,False,True,False,ALAMEDA SUPERIOR COURT WILEY W. MANUEL COURTHOUSE,I,FIXED OBJECT,POST SIGN AND CHAIN FENCE,0,0,A,DAYLIGHT,37.80919,-122.244035,,,,,A,NO PEDESTRIANS INVOLVED,2/1/2025 12:14:00 PM,A,VC 22350,False,1,I-580 W/B,,,2/10/2025 7:18:13 AM,B,E,643.0,LAKESHORE AVE,F,,D,2/10/2025 7:18:14 AM,2/10/2025 7:18:14 AM,False,True,4,False,2/1/2025 12:15:00 PM,1215,False,,,
4571298,9370-2025-00339,1,False,9370,2/1/2025 8:45:00 AM,845,176,14,109,Oakland,1,True,True,B,SIDE SWIPE,,Saturday,NotApplicable,False,,,False,True,False,ALAMEDA SUPERIOR COURT WILEY W. MANUEL COURTHOUSE,C,OTHER MOTOR VEHICLE,,0,0,A,DAYLIGHT,37.802388,-122.298709,,,,,A,NO PEDESTRIANS INVOLVED,2/1/2025 8:45:00 AM,A,VC 22350,False,,I-880 N/B,,,2/10/2025 7:01:50 AM,B,S,2500.0,7TH AVE,F,,D,2/10/2025 7:01:52 AM,2/10/2025 7:01:52 AM,False,True,4,False,2/1/2025 8:50:00 AM,0850,False,,,True
4571288,9370-2025-00325,1,False,9370,1/31/2025 11:40:00 AM,1140,053,14,109,Oakland,1,True,True,B,SIDE SWIPE,,Friday,NotApplicable,False,M,,False,True,False,ALAMEDA SUPERIOR COURT WILEY W. MANUEL COURTHOUSE,C,OTHER MOTOR VEHICLE,,1,0,A,DAYLIGHT,37.807699,-122.240427,,,,,A,NO PEDESTRIANS INVOLVED,1/31/2025 11:40:00 AM,A,VC 21658(A),False,1,I-580 E/B,,,2/10/2025 6:49:10 AM,B,W,2500.0,PARK BLVD,F,,D,2/10/2025 6:49:12 AM,2/10/2025 6:49:12 AM,False,True,4,,1/31/2025 11:45:00 AM,1145,False,,,True
4571286,9370-2025-00324,1,False,9370,1/31/2025 11:15:00 AM,1115,054,14,109,Oakland,1,True,True,B,SIDE SWIPE,,Friday,NotApplicable,False,M,,False,True,True,ALAMEDA SUPERIOR COURT WILEY W. MANUEL COURTHOUSE,C,OTHER MOTOR VEHICLE,,0,0,A,DAYLIGHT,37.808422,-122.241478,,,,,A,NO PEDESTRIANS INVOLVED,1/31/2025 11:15:00 AM,A,VC 21658(a),False,1,I-580 W/B,,,2/10/2025 6:46:32 AM,B,E,1500.0,LAKESHORE AVENUE,F,,D,2/10/2025 6:46:33 AM,2/10/2025 6:46:33 AM,False,True,4,,1/31/2025 11:20:00 AM,1120,False,,,True
4570290,9370-2025-00308,1,False,9370,1/29/2025 3:55:00 PM,1555,080,14,109,Oakland,1,True,True,E,HIT OBJECT,,Wednesday,NotApplicable,False,,,False,True,False,ALAMEDA SUPERIOR COURT WILEY W. MANUEL COURTHOUSE,I,FIXED OBJECT,CONCRETE WALL,0,0,A,DAYLIGHT,37.83958,-122.296894,,,,,A,NO PEDESTRIANS INVOLVED,1/29/2025 3:55:00 PM,A,VC 22107,False,1,I-80 W/B,,,2/7/2025 1:59:37 PM,A,E,500.0,POWELL ST,F,,D,2/7/2025 1:59:42 PM,2/7/2025 1:59:42 PM,False,True,4,,1/29/2025 3:59:00 PM,1559,False,,,True
4570206,9370-2025-00402,1,False,9370,2/4/2025 2:05:00 PM,1405,178,14,109,Oakland,1,True,True,A,HEAD-ON,,Tuesday,NotApplicable,False,,,False,True,True,ALAMEDA SUPERIOR COURT WILEY W. MANUEL COURTHOUSE,I,FIXED OBJECT,CONCRETE BARRIER,1,0,A,DAYLIGHT,37.802229,-122.292842,,,,,A,NO PEDESTRIANS INVOLVED,2/4/2025 2:05:00 PM,A,VC 22350,False,1,I-880 S/B,,,2/7/2025 12:50:15 PM,B,N,1175.0,ADELINE ST,F,,D,2/7/2025 12:50:17 PM,2/7/2025 12:50:17 PM,False,True,4,,2/4/2025 2:18:00 PM,1418,False,,False,True
4569890,9370-2025-00305,1,False,9370,1/30/2025 8:40:00 AM,840,176,14,109,Oakland,1,True,True,B,SIDE SWIPE,,Thursday,NotApplicable,False,M,,False,True,True,ALAMEDA SUPERIOR COURT WILEY W. MANUEL COURTHOUSE,C,OTHER MOTOR VEHICLE,,0,0,A,DAYLIGHT,37.772312,-122.225069,,,,,A,NO PEDESTRIANS INVOLVED,1/30/2025 8:40:00 AM,A,VC 21658(A),False,3,I-880 N/B,,,2/7/2025 8:04:37 AM,A,S,900.0,FRUITVALE AVE,F,,D,2/7/2025 8:04:39 AM,2/7/2025 8:04:39 AM,False,True,4,,1/30/2025 8:40:00 AM,0840,False,,,True
4569805,9370-2025-00300,1,False,9370,1/29/2025 1:00:00 AM,100,024,14,109,Oakland,1,True,True,B,SIDE SWIPE,,Wednesday,NotApplicable,False,,,False,True,False,ALAMEDA SUPERIOR COURT WILEY W. MANUEL COURTHOUSE,C,OTHER MOTOR VEHICLE,,0,0,A,DAYLIGHT,37.854716,-122.217269,,,,,A,NO PEDESTRIANS INVOLVED,1/29/2025 1:00:00 AM,A,VC 21658(a),False,1,SR 24 E/B,,,2/7/2025 6:16:44 AM,A,W,2176.0,CALDECOTT TUNL,F,,D,2/7/2025 6:16:48 AM,2/7/2025 6:16:48 AM,False,True,4,,1/29/2025 12:58:00 PM,1258,True,EMBEDDED,,True
4569781,9370-2025-00307,1,False,9370,1/29/2025 3:15:00 PM,1515,080,14,109,Oakland,1,True,True,C,REAR END,,Wednesday,NotApplicable,False,F,,False,True,True,ALAMEDA SUPERIOR COURT WILEY W. MANUEL COURTHOUSE,C,OTHER MOTOR VEHICLE,,1,0,A,DAYLIGHT,37.842342,-122.297486,,,,,A,NO PEDESTRIANS INVOLVED,1/29/2025 3:15:00 PM,A,VC 22350,False,2,I-80 W/B,,,2/7/2025 5:29:38 AM,A,E,1500.0,POWELL ST,F,,D,2/7/2025 5:29:44 AM,2/7/2025 5:29:44 AM,False,True,4,,1/29/2025 3:16:00 PM,1516,False,,,True
4569780,9370-2025-00298,1,False,9370,1/28/2025 9:30:00 AM,930,176,14,109,Oakland,1,True,True,C,REAR END,,Tuesday,NotApplicable,False,,,False,True,False,ALAMEDA SUPERIOR COURT WILEY W. MANUEL COURTHOUSE,C,OTHER MOTOR VEHICLE,,0,0,A,DAYLIGHT,37.730951,-122.188096,,,,,A,NO PEDESTRIANS INVOLVED,1/28/2025 9:30:00 AM,A,VC 21658(A),False,1,I-880 S/B,,,2/7/2025 5:22:05 AM,A,S,270.0,98TH AVENUE,F,,D,2/7/2025 5:22:07 AM,2/7/2025 5:22:07 AM,False,True,4,,1/28/2025 9:43:00 AM,0943,False,,,True
4596238,9370-2025-00625,1,False,9370,2/25/2025 7:40:00 AM,740,176,14,109,Oakland,1,True,True,C,REAR END,,Tuesday,NotApplicable,False,,,False,True,False,ALAMEDA SUPERIOR COURT WILEY W. MANUEL COURTHOUSE,C,OTHER MOTOR VEHICLE,,0,0,A,DAYLIGHT,37.728605,-122.185797,,,,,A,NO PEDESTRIANS INVOLVED,2/25/2025 7:40:00 AM,A,VC 22350,True,1,I-880 NORTHBOUND,,,3/4/2025 1:52:04 PM,A,S,1300.0,98TH AVENUE,F,,D,3/4/2025 1:52:06 PM,3/4/2025 1:52:06 PM,False,True,4,,2/25/2025 9:25:00 AM,0925,False,,,True
4596177,9370-2025-00620,1,False,9370,2/24/2025 7:30:00 PM,1930,176,14,109,Oakland,1,True,True,C,REAR END,,Monday,NotApplicable,False,,,False,True,False,ALAMEDA SUPERIOR COURT WILEY W. MANUEL COURTHOUSE,C,OTHER MOTOR VEHICLE,,0,0,A,DAYLIGHT,37.746935,-122.201701,,,,,A,NO PEDESTRIANS INVOLVED,2/24/2025 7:30:00 PM,A,VC 22350,False,1,I-880 N/B,,,3/4/2025 1:06:06 PM,A,S,3104.0,66TH AVE,F,,D,3/4/2025 1:06:08 PM,3/4/2025 1:06:08 PM,False,True,4,,2/24/2025 7:35:00 PM,1935,False,,,True
4596169,9370-2025-00589,1,False,9370,2/21/2025 5:00:00 PM,1700,055,14,109,Oakland,1,True,True,C,REAR END,,Friday,NotApplicable,False,,,False,True,True,ALAMEDA SUPERIOR COURT WILEY W. MANUEL COURTHOUSE,C,OTHER MOTOR VEHICLE,,1,0,A,DAYLIGHT,37.826139,-122.276802,,,,,A,NO PEDESTRIANS INVOLVED,2/21/2025 5:00:00 PM,A,VC 22350,False,1,I-580 E/B,,,3/4/2025 1:03:16 PM,A,E,412.0,SAN PABLO AVE,F,,D,3/4/2025 1:03:18 PM,3/4/2025 1:03:18 PM,False,True,4,,2/21/2025 5:06:00 PM,1706,False,,,True
4596164,9370-2025-00427,1,False,9370,2/6/2025 9:25:00 PM,2125,024,14,109,Oakland,1,True,True,E,HIT OBJECT,,Thursday,NotApplicable,False,M,,False,True,True,ALAMEDA SUPERIOR COURT WILEY W. MANUEL COURTHOUSE,I,FIXED OBJECT,BARREL ATTENUATORS,0,0,D,DARK-NO STREET LIGHTS,37.830716,-122.266189,,,,,A,NO PEDESTRIANS INVOLVED,2/6/2025 9:25:00 PM,A,VC 22107,False,1,SR-24 E/B,,,3/4/2025 1:02:18 PM,B,W,100.0,MARTIN LUTHER KING JR WAY,F,,D,3/4/2025 1:02:19 PM,3/4/2025 1:02:19 PM,False,True,4,,2/6/2025 9:30:00 PM,2130,False,,,True
4596120,9370-2025-00617,1,False,9370,2/24/2025 1:10:00 PM,1310,176,14,109,Oakland,1,True,True,C,REAR END,,Monday,NotApplicable,False,,,False,True,False,ALAMEDA SUPERIOR COURT WILEY W. MANUEL COURTHOUSE,C,OTHER MOTOR VEHICLE,,0,0,A,DAYLIGHT,37.735912,-122.19242,,,,,A,NO PEDESTRIANS INVOLVED,2/24/2025 1:10:00 PM,A,VC 22350,False,1,I-880 S/B,,,3/4/2025 12:39:46 PM,A,N,1842.0,98TH AVENUE,F,,D,3/4/2025 12:39:47 PM,3/4/2025 12:39:47 PM,False,True,4,,2/24/2025 1:19:00 PM,1319,False,,,True
4596048,9370-2025-00618,1,False,9370,2/24/2025 2:15:00 PM,1415,176,14,109,Oakland,1,True,True,C,REAR END,,Monday,NotApplicable,False,,,False,True,False,ALAMEDA SUPERIOR COURT WILEY W. MANUEL COURTHOUSE,C,OTHER MOTOR VEHICLE,,0,0,A,DAYLIGHT,37.722073,-122.179903,,,,,A,NO PEDESTRIANS INVOLVED,2/24/2025 2:15:00 PM,A,VC 22350,False,1,I-880 S/B,,,3/4/2025 11:45:51 AM,A,N,1310.0,DAVIS ST,F,,D,3/4/2025 11:45:52 AM,3/4/2025 11:45:52 AM,False,True,4,,2/24/2025 2:18:00 PM,1418,False,,,True
4595923,9370-2025-00607,1,False,9370,2/23/2025 3:17:00 AM,317,055,14,109,Oakland,1,True,True,C,REAR END,,Sunday,NotApplicable,False,M,,False,True,True,ALAMEDA SUPERIOR COURT WILEY W. MANUEL COURTHOUSE,C,OTHER MOTOR VEHICLE,,0,0,D,DARK-NO STREET LIGHTS,37.826907,-122.29619,,,,,A,NO PEDESTRIANS INVOLVED,2/23/2025 3:17:00 AM,A,VC 22350,False,1,I-80 E/B,,,3/4/2025 10:01:19 AM,A,W,1540.0,BEACH ST,F,,D,3/4/2025 10:01:21 AM,3/4/2025 10:01:21 AM,False,True,4,,2/23/2025 3:18:00 AM,0318,False,,,True
4595719,9370-2025-00616,1,False,9370,2/24/2025 6:03:00 AM,603,025,14,109,Oakland,1,True,True,B,SIDE SWIPE,,Monday,NotApplicable,False,M,,False,True,False,ALAMEDA SUPERIOR COURT WILEY W. MANUEL COURTHOUSE,C,OTHER MOTOR VEHICLE,,0,0,D,DARK-NO STREET LIGHTS,37.828366,-122.267816,,,,,A,NO PEDESTRIANS INVOLVED,2/24/2025 6:03:00 AM,A,VC 22350,False,1,SR-24 WB TO I-580,,,3/4/2025 7:30:15 AM,B,W,400.0,4OTH ST.,F,,D,3/4/2025 7:30:17 AM,3/4/2025 7:30:17 AM,False,True,4,,2/24/2025 6:07:00 AM,0607,False,,,True
4595684,9370-2025-00606,1,False,9370,2/23/2025 1:30:00 AM,130,054,14,109,Oakland,1,True,True,A,HEAD-ON,,Sunday,NotApplicable,False,,,False,True,False,ALAMEDA SUPERIOR COURT WILEY W. MANUEL COURTHOUSE,C,OTHER MOTOR VEHICLE,,1,0,C,DARK-STREET LIGHTS,37.796934,-122.212088,,,,,A,NO PEDESTRIANS INVOLVED,2/23/2025 1:30:00 AM,C,,,,I-580 E/B,,,3/4/2025 7:00:13 AM,A,W,600.0,COOLIDGE AVE,F,,D,3/4/2025 7:00:14 AM,3/4/2025 7:00:14 AM,False,True,4,,2/23/2025 1:42:00 AM,0142,False,,,True
4595679,9370-2025-00690,1,False,9370,2/23/2025 1:25:00 AM,125,054,14,109,Oakland,1,True,True,F,OVERTURNED,,Sunday,NotApplicable,False,,,False,True,True,ALAMEDA SUPERIOR COURT WILEY W. MANUEL COURTHOUSE,A,NON-COLLISION,,0,0,D,DARK-NO STREET LIGHTS,37.796932,-122.21208,,,,,A,NO PEDESTRIANS INVOLVED,2/23/2025 1:25:00 AM,A,VC 22107,False,1,I-580 E/B,,,3/4/2025 6:53:33 AM,A,W,625.0,COOLIDGE AVE,F,,D,3/4/2025 6:53:39 AM,3/4/2025 6:53:39 AM,False,True,4,,2/23/2025 1:42:00 AM,0142,False,,,True
4595678,9370-2025-00628,1,False,9370,2/25/2025 12:02:00 PM,1202,025,14,109,Oakland,1,True,True,E,HIT OBJECT,,Tuesday,NotApplicable,False,,,False,True,True,ALAMEDA SUPERIOR COURT WILEY W. MANUEL COURTHOUSE,I,FIXED OBJECT,CONCRETE WALL,0,0,A,DAYLIGHT,37.843243,-122.25456,,,,,A,NO PEDESTRIANS INVOLVED,2/25/2025 12:02:00 PM,C,,,,SR-24 W/B,,,3/4/2025 6:48:42 AM,A,W,0.33,BROADWAY,M,,D,3/4/2025 6:48:45 AM,3/4/2025 6:48:45 AM,False,True,4,,2/25/2025 12:04:00 PM,1204,False,,,True
4595666,9370-2025-00602,1,False,9370,2/22/2025 9:35:00 PM,2135,052,14,109,Oakland,1,True,True,B,SIDE SWIPE,,Saturday,NotApplicable,False,M,,False,True,False,ALAMEDA SUPERIOR COURT WILEY W. MANUEL COURTHOUSE,C,OTHER MOTOR VEHICLE,,0,0,D,DARK-NO STREET LIGHTS,37.778964,-122.16939,,,,,A,NO PEDESTRIANS INVOLVED,2/22/2025 9:35:00 PM,A,VC 21658(a),False,1,I-580 W/B,,,3/4/2025 6:23:43 AM,A,E,1400.0,SEMINARY AVE,F,,D,3/4/2025 6:23:47 AM,3/4/2025 6:23:47 AM,False,True,4,,2/22/2025 9:45:00 PM,2145,False,,,True
4595241,9370-2025-00458,1,False,9370,2/9/2025 1:21:00 PM,1321,054,14,109,Oakland,1,True,True,B,SIDE SWIPE,,Sunday,NotApplicable,False,M,,False,True,False,ALAMEDA SUPERIOR COURT WILEY W. MANUEL COURTHOUSE,C,OTHER MOTOR VEHICLE,,0,0,A,DAYLIGHT,37.815372,-122.251073,,,,,A,NO PEDESTRIANS INVOLVED,2/9/2025 1:21:00 PM,A,VC 21658(A),False,1,I-580 W/B,,,3/3/2025 5:53:37 PM,A,E,1478.0,OAKLAND AVENUE,F,,D,3/3/2025 5:53:37 PM,3/3/2025 5:53:37 PM,False,True,4,,2/9/2025 1:26:00 PM,1326,True,EMBEDDED,,True
4595225,9345-2025-00648,1,False,9345,2/24/2025 3:23:00 AM,323,904,14,109,Oakland,1,True,True,E,HIT OBJECT,,Monday,Yes,False,,,False,True,True,ALAMEDA SUPERIOR COURT FREMONT HALL OF JUSTICE,I,FIXED OBJECT,CONCRETE CURB,0,0,E,DARK-STREET LIGHTS NOT FUNCTIONING*,37.775503,-122.233139,,,,,A,NO PEDESTRIANS INVOLVED,2/24/2025 3:23:00 AM,A,VC 22350,False,1,29TH AVE,,,3/3/2025 4:55:10 PM,A,N,45.0,I-880 N/B TO 29TH AVE,F,,A,3/3/2025 4:55:13 PM,3/3/2025 4:55:13 PM,False,True,4,False,2/24/2025 3:23:00 AM,0323,False,,,True
4595046,9370-2025-00464,1,False,9370,1/16/2025 7:15:00 PM,1915,052,14,109,Oakland,1,True,True,C,REAR END,,Thursday,NotApplicable,False,,,False,True,False,ALAMEDA SUPERIOR COURT WILEY W. MANUEL COURTHOUSE,C,OTHER MOTOR VEHICLE,,0,0,C,DARK-STREET LIGHTS,37.756927,-122.148131,,,,,A,NO PEDESTRIANS INVOLVED,1/16/2025 7:15:00 PM,A,VC 22350,False,1,I-580 W/B,,,3/3/2025 2:09:11 PM,A,W,1300.0,98TH AVENUE,F,,D,3/3/2025 2:09:13 PM,3/3/2025 2:09:13 PM,False,True,4,,1/17/2025 9:00:00 AM,0900,True,AREA / EMBEDDED,,True
4595034,9370-2025-00605,1,False,9370,2/23/2025 3:17:00 AM,317,055,14,109,Oakland,1,True,True,C,REAR END,,Sunday,Yes,False,M,,False,True,True,ALAMEDA SUPERIOR COURT WILEY W. MANUEL COURTHOUSE,C,OTHER MOTOR VEHICLE,,0,0,D,DARK-NO STREET LIGHTS,37.813485,-122.251,,,,,A,NO PEDESTRIANS INVOLVED,2/23/2025 3:17:00 AM,A,VC 22350,True,1,I-580 E/B,,,3/3/2025 2:03:30 PM,A,W,1284.0,LAKESHORE AVENUE,F,,D,3/3/2025 2:03:32 PM,3/3/2025 2:03:32 PM,False,True,4,,2/23/2025 12:00:00 AM,0317,False,,,True
4594889,9370-2025-00626,1,False,9370,2/25/2025 8:30:00 AM,830,008,14,109,Oakland,1,True,True,B,SIDE SWIPE,,Tuesday,NotApplicable,False,,,False,True,False,ALAMEDA SUPERIOR COURT WILEY W. MANUEL COURTHOUSE,C,OTHER MOTOR VEHICLE,,0,0,A,DAYLIGHT,37.825117,-122.312201,,,,,A,NO PEDESTRIANS INVOLVED,2/25/2025 8:30:00 AM,A,VC 21658(A),False,1,I-80 WESTBOUND,,,3/3/2025 11:59:24 AM,A,E,200.0,SAN FRANCISCO-OAKLAND BAY BRIDGE,F,,D,3/3/2025 11:59:26 AM,3/3/2025 11:59:26 AM,False,True,4,,2/25/2025 8:40:00 AM,0840,False,,,True
4594887,9370-2025-00433,1,False,9370,2/7/2025 8:40:00 AM,840,176,14,109,Oakland,1,True,True,B,SIDE SWIPE,,Friday,NotApplicable,False,M,,False,True,False,ALAMEDA SUPERIOR COURT WILEY W. MANUEL COURTHOUSE,C,OTHER MOTOR VEHICLE,,0,0,A,DAYLIGHT,37.748166,-122.202942,,,,,A,NO PEDESTRIANS INVOLVED,2/7/2025 8:40:00 AM,A,VC 21658(a),False,1,I-880 N/B,,,3/3/2025 11:58:10 AM,B,S,2500.0,66TH AVE,F,,D,3/3/2025 11:58:13 AM,3/3/2025 11:58:13 AM,False,True,4,,2/7/2025 8:45:00 AM,0845,False,,,True
4594804,9370-2025-00597,1,False,9370,2/22/2025 9:55:00 AM,955,055,14,109,Oakland,1,True,True,C,REAR END,,Saturday,NotApplicable,False,,,False,True,False,ALAMEDA SUPERIOR COURT WILEY W. MANUEL COURTHOUSE,C,OTHER MOTOR VEHICLE,,0,0,A,DAYLIGHT,37.826587,-122.277426,,,,,A,NO PEDESTRIANS INVOLVED,2/22/2025 9:55:00 AM,A,VC 22350,False,1,I-580 W/B,,,3/3/2025 11:13:11 AM,A,E,275.0,SAN PABLO AVENUE,M,,D,3/3/2025 11:13:15 AM,3/3/2025 11:13:15 AM,False,True,4,,2/22/2025 10:00:00 AM,1000,False,,,True
4594633,9370-2025-00585,1,False,9370,2/21/2025 9:30:00 AM,930,176,14,109,Oakland,1,True,True,B,SIDE SWIPE,,Friday,NotApplicable,False,M,,False,True,False,ALAMEDA SUPERIOR COURT WILEY W. MANUEL COURTHOUSE,C,OTHER MOTOR VEHICLE,,0,0,A,DAYLIGHT,37.776598,-122.236236,,,,,A,NO PEDESTRIANS INVOLVED,2/21/2025 9:30:00 AM,A,VC 21658(a),False,1,I-880 S/B,,,3/3/2025 9:25:29 AM,A,N,1000.0,29TH AVE,F,,D,3/3/2025 9:25:35 AM,3/3/2025 9:25:35 AM,False,True,4,,2/21/2025 9:40:00 AM,0940,False,,,True